Route No.,Trip No.,Call Trip Position, Depot ID ,Start Time,Source Depot Departure Time,Customer ID,Customer Name,Postcode,Time Window Start,Time Window End,Arrival Time,Depart Time,Call Duration,Call Type,Order Details 1,Weight,General pallets,Bottom deck pallets,Double pallets,Pallets Footprint,Prod. Code,Product Name,Trailer Group Name,Order Details 2,Order Details 3,Order Details 4,End Depot Arrival Time,Duty Time,Drive Time,Distance (Kms),Empty Dist (Kms),Empty Time,Time Util %,Waiting Time,No. of Trips,Route Drop No.,Call No.,Trip Drop No.,Trip Start,Dest. Depot Arrival Time,Dest. Depot Departure Time,Trip's End Depot,Trip's Source Depot,Source Depot Arrival Time,Source Depot Departure Time1,Trip's Start Depot,Start Depot Departure Time,Trailer Type Name,End Time   ,Transfer ID,Driver Group Name,Tractor Group Name,Call Ref Number,Travel Distance  to Next Call,Travel Distance  from Prev. Call ,Phone Number,Fax Number,Pre_allocated Depot,ITEMS,WAKEIKW,MIDIW
1,1,1,EXEOB,08:42 Tue,09:12 Tue,292,Plymouth,PL6 8LX,10:00 Tue,12:00 Tue,10:00 Tue,10:50 Tue,00:50,D,,0,11,0,0,15,1,Store volume,TP Trailer,,,,11:38 Tue,03:26,01:36,131,66,00:48,25.43,00:00,1,1,1,1,08:42 Tue,11:38 Tue,12:08 Tue,EXEOB,EXEOB,08:42 Tue,09:12 Tue,EXEOB,09:12 Tue,DD Trailer,12:08 Tue,,EXEOB AM Weekly,44T EXEOB,5454,66,66,0141 951 1758,,EXEOB,0,0,0
2,1,1,MIDIW,06:40 Tue,07:25 Tue,398,Luton,LU1 3JH,08:00 Tue,10:00 Tue,08:10 Tue,09:46 Tue,01:36,D,,16376,38,0,5,38,1,Store volume,SALT DOUBLE,,,,11:12 Tue,11:37,03:49,259,24,00:26,86.05,00:00,2,1,1,1,06:40 Tue,11:12 Tue,11:42 Tue,MIDIW,MIDIW,06:40 Tue,07:25 Tue,MIDIW,07:25 Tue,DD Trailer,18:17 Tue,,MIDIW AM BAND 2 Weekly,44T MIDIW,5536,24,59,,,,8528,6,32
2,1,2,MIDIW,06:40 Tue,07:25 Tue,10043,S.B.D,MK45 5BY,00:01 Tue,23:59 Tue,10:12 Tue,10:32 Tue,00:20,C,Collection Date -09/08/2016,5000,24,0,0,0,1,Store volume,SALT DOUBLE,745176/5190008645,Richard Minett - 7733119833,richard.minett@netweber.co.uk,11:12 Tue,11:37,03:49,259,24,00:26,86.05,00:00,2,2,2,2,06:40 Tue,11:12 Tue,11:42 Tue,MIDIW,MIDIW,06:40 Tue,07:25 Tue,MIDIW,07:25 Tue,DD Trailer,18:17 Tue,,MIDIW AM BAND 2 Weekly,44T MIDIW,5449,45,24,,,MIDIW,0,0,0
2,2,1,MIDIW,06:40 Tue,11:57 Tue,488,Rugby,CV21 1SS,13:00 Tue,15:00 Tue,13:24 Tue,14:32 Tue,01:08,D,,8990,20,4,4,24,1,Store volume,SALT DOUBLE,,,,17:17 Tue,11:37,03:49,259,24,00:26,86.05,00:00,2,3,3,1,11:42 Tue,17:17 Tue,18:17 Tue,MIDIW,MIDIW,11:42 Tue,11:57 Tue,MIDIW,11:57 Tue,DD Trailer,18:17 Tue,,MIDIW AM BAND 2 Weekly,44T MIDIW,5563,0,46,,,MIDIW,2885,9,15
2,2,2,MIDIW,06:40 Tue,11:57 Tue,488,Rugby,CV21 1SS,13:00 Tue,15:00 Tue,14:32 Tue,14:32 Tue,00:00,C,,0,5,0,0,0,4,Salvage,SALT DOUBLE,,,,17:17 Tue,11:37,03:49,259,24,00:26,86.05,00:00,2,3,4,1,11:42 Tue,17:17 Tue,18:17 Tue,MIDIW,MIDIW,11:42 Tue,11:57 Tue,MIDIW,11:57 Tue,DD Trailer,18:17 Tue,,MIDIW AM BAND 2 Weekly,44T MIDIW,5612,24,0,,,MIDIW,0,0,0
2,2,3,MIDIW,06:40 Tue,11:57 Tue,75,Coventry,CV1 4BY,15:00 Tue,17:00 Tue,15:00 Tue,16:24 Tue,01:24,D,,16172,22,10,4,32,1,Store volume,SALT DOUBLE,,,,17:17 Tue,11:37,03:49,259,24,00:26,86.05,00:00,2,4,5,2,11:42 Tue,17:17 Tue,18:17 Tue,MIDIW,MIDIW,11:42 Tue,11:57 Tue,MIDIW,11:57 Tue,DD Trailer,18:17 Tue,,MIDIW AM BAND 2 Weekly,44T MIDIW,5466,61,24,02476 553525,,MIDIW,3827,12,20
3,1,1,DEVOB,04:38 Tue,05:08 Tue,336,Exeter,EX2 7HY,07:30 Tue,09:30 Tue,07:30 Tue,08:44 Tue,01:14,D,,8763,22,5,4,27,1,Store volume,DEVOB DOUBLE,,,,12:49 Tue,08:41,04:59,349,0,00:00,64.32,00:00,1,1,1,1,04:38 Tue,12:49 Tue,13:19 Tue,DEVOB,DEVOB,04:38 Tue,05:08 Tue,DEVOB,05:08 Tue,DD Trailer,13:19 Tue,,DEVOB AM Weekly,44T DEVOB,5516,53,157,,,MIDIW,2704,11,16
3,1,2,DEVOB,04:38 Tue,05:08 Tue,311,Taunton,TA1 1QS,09:00 Tue,11:00 Tue,09:26 Tue,10:04 Tue,00:38,D,,2589,5,4,1,9,1,Store volume,DEVOB DOUBLE,,,,12:49 Tue,08:41,04:59,349,0,00:00,64.32,00:00,1,2,2,2,04:38 Tue,12:49 Tue,13:19 Tue,DEVOB,DEVOB,04:38 Tue,05:08 Tue,DEVOB,05:08 Tue,DD Trailer,13:19 Tue,,DEVOB AM Weekly,44T DEVOB,5504,0,53,020 8692 1352,,,982,2,7
3,1,3,DEVOB,04:38 Tue,05:08 Tue,311,Taunton,TA1 1QS,09:00 Tue,11:00 Tue,10:04 Tue,10:04 Tue,00:00,C,,0,5,0,0,0,4,Salvage,DEVOB DOUBLE,,,,12:49 Tue,08:41,04:59,349,0,00:00,64.32,00:00,1,2,3,2,04:38 Tue,12:49 Tue,13:19 Tue,DEVOB,DEVOB,04:38 Tue,05:08 Tue,DEVOB,05:08 Tue,DD Trailer,13:19 Tue,,DEVOB AM Weekly,44T DEVOB,5589,139,0,020 8692 1352,,,0,0,0
4,1,1,MIDIW,04:26 Tue,05:11 Tue,274,Yeovil,BA20 2HP,07:30 Tue,09:30 Tue,08:37 Tue,09:49 Tue,01:12,D,,8949,18,8,4,26,1,Store volume,SALT DOUBLE,,,,15:50 Tue,13:13,07:30,488,0,00:00,97.9,00:00,1,1,1,1,04:26 Tue,15:50 Tue,17:40 Tue,MIDIW,MIDIW,04:26 Tue,05:11 Tue,MIDIW,05:11 Tue,DD Trailer,17:40 Tue,,MIDIW AM BAND 1 Weekly,44T MIDIW,5495,0,238,0191 516 0444,,DEVOB,2574,10,16
4,1,2,MIDIW,04:26 Tue,05:11 Tue,274,Yeovil,BA20 2HP,07:30 Tue,09:30 Tue,09:49 Tue,09:49 Tue,00:00,C,,0,5,0,0,0,4,Salvage,SALT DOUBLE,,,,15:50 Tue,13:13,07:30,488,0,00:00,97.9,00:00,1,1,2,1,04:26 Tue,15:50 Tue,17:40 Tue,MIDIW,MIDIW,04:26 Tue,05:11 Tue,MIDIW,05:11 Tue,DD Trailer,17:40 Tue,,MIDIW AM BAND 1 Weekly,44T MIDIW,5584,53,0,0191 516 0444,,DEVOB,0,0,0
4,1,3,MIDIW,04:26 Tue,05:11 Tue,486,Midsomer Norton,BS39 7SW,11:45 Tue,13:45 Tue,11:45 Tue,12:51 Tue,01:06,D,,5879,16,7,4,23,1,Store volume,SALT DOUBLE,,,,15:50 Tue,13:13,07:30,488,0,00:00,97.9,00:00,1,2,3,2,04:26 Tue,15:50 Tue,17:40 Tue,MIDIW,MIDIW,04:26 Tue,05:11 Tue,MIDIW,05:11 Tue,DD Trailer,17:40 Tue,,MIDIW AM BAND 1 Weekly,44T MIDIW,5562,0,53,,,MIDIW,2117,7,16
4,1,4,MIDIW,04:26 Tue,05:11 Tue,486,Midsomer Norton,BS39 7SW,11:45 Tue,13:45 Tue,12:51 Tue,12:51 Tue,00:00,C,,0,5,0,0,0,4,Salvage,SALT DOUBLE,,,,15:50 Tue,13:13,07:30,488,0,00:00,97.9,00:00,1,2,4,2,04:26 Tue,15:50 Tue,17:40 Tue,MIDIW,MIDIW,04:26 Tue,05:11 Tue,MIDIW,05:11 Tue,DD Trailer,17:40 Tue,,MIDIW AM BAND 1 Weekly,44T MIDIW,5611,197,0,,,MIDIW,0,0,0
5,1,1,MIDIW,04:06 Tue,04:51 Tue,230,Brighton,BN3 1SF,07:30 Tue,09:30 Tue,07:30 Tue,08:50 Tue,01:20,D,,14995,20,10,4,30,1,Store volume,SALT DOUBLE,,,,15:21 Tue,13:04,07:05,493,0,00:00,96.79,00:00,1,1,1,1,04:06 Tue,15:21 Tue,17:11 Tue,MIDIW,MIDIW,04:06 Tue,04:51 Tue,MIDIW,04:51 Tue,DD Trailer,17:11 Tue,,MIDIW AM BAND 1 Weekly,44T MIDIW,5482,54,208,020 8665 6755,,MIDIW,5264,9,21
5,1,2,MIDIW,04:06 Tue,04:51 Tue,319,Bexhill,TN40 2JS,08:00 Tue,10:00 Tue,10:45 Tue,11:59 Tue,01:14,D,,7036,21,6,4,27,1,Store volume,SALT DOUBLE,,,,15:21 Tue,13:04,07:05,493,0,00:00,96.79,00:00,1,2,2,2,04:06 Tue,15:21 Tue,17:11 Tue,MIDIW,MIDIW,04:06 Tue,04:51 Tue,MIDIW,04:51 Tue,DD Trailer,17:11 Tue,,MIDIW AM BAND 1 Weekly,44T MIDIW,5508,0,54,01942 212100,,MIDIW,2559,10,17
5,1,3,MIDIW,04:06 Tue,04:51 Tue,319,Bexhill,TN40 2JS,08:00 Tue,10:00 Tue,11:59 Tue,11:59 Tue,00:00,C,,0,5,0,0,0,4,Salvage,SALT DOUBLE,,,,15:21 Tue,13:04,07:05,493,0,00:00,96.79,00:00,1,2,3,2,04:06 Tue,15:21 Tue,17:11 Tue,MIDIW,MIDIW,04:06 Tue,04:51 Tue,MIDIW,04:51 Tue,DD Trailer,17:11 Tue,,MIDIW AM BAND 1 Weekly,44T MIDIW,5590,231,0,01942 212100,,MIDIW,0,0,0
6,1,1,MIDIW,04:12 Tue,04:57 Tue,77,Bristol,BS30 7DA,07:30 Tue,09:30 Tue,07:30 Tue,08:36 Tue,01:06,D,,8048,16,7,4,23,1,Store volume,SALT DOUBLE,,,,15:01 Tue,11:50,06:49,498,241,03:10,87.65,00:00,1,1,1,1,04:12 Tue,15:01 Tue,16:01 Tue,MIDIW,MIDIW,04:12 Tue,04:57 Tue,MIDIW,04:57 Tue,DD Trailer,16:01 Tue,,MIDIW AM BAND 1 Weekly,44T MIDIW,5467,79,178,0117 9609716,,MIDIW,2225,7,16
6,1,2,MIDIW,04:12 Tue,04:57 Tue,37,Bridgwater,TA6 4DH,08:00 Tue,10:00 Tue,09:41 Tue,11:51 Tue,02:10,D,,9812,20,10,5,30,1,Store volume,SALT DOUBLE,,,,15:01 Tue,11:50,06:49,498,241,03:10,87.65,00:00,1,2,2,2,04:12 Tue,15:01 Tue,16:01 Tue,MIDIW,MIDIW,04:12 Tue,04:57 Tue,MIDIW,04:57 Tue,DD Trailer,16:01 Tue,,MIDIW AM BAND 1 Weekly,44T MIDIW,5455,241,79,020 8810 6793,,,2356,9,21
7,1,1,MIDIW,04:11 Tue,04:56 Tue,208,Canning Town,E16 4PA,07:00 Tue,09:00 Tue,07:00 Tue,08:02 Tue,01:02,D,,6934,16,5,4,21,1,Store volume,SALT DOUBLE,,,,15:11 Tue,12:50,07:07,498,0,00:00,95.06,00:00,1,1,1,1,04:11 Tue,15:11 Tue,17:01 Tue,MIDIW,MIDIW,04:11 Tue,04:56 Tue,MIDIW,04:56 Tue,DD Trailer,17:01 Tue,,MIDIW AM BAND 1 Weekly,44T MIDIW,5475,0,137,01322 292 828,,MIDIW,2475,7,14
7,1,2,MIDIW,04:11 Tue,04:56 Tue,208,Canning Town,E16 4PA,07:00 Tue,09:00 Tue,08:02 Tue,08:02 Tue,00:00,C,,0,5,0,0,0,4,Salvage,SALT DOUBLE,,,,15:11 Tue,12:50,07:07,498,0,00:00,95.06,00:00,1,1,2,1,04:11 Tue,15:11 Tue,17:01 Tue,MIDIW,MIDIW,04:11 Tue,04:56 Tue,MIDIW,04:56 Tue,DD Trailer,17:01 Tue,,MIDIW AM BAND 1 Weekly,44T MIDIW,5573,119,0,01322 292 828,,MIDIW,0,0,0
7,1,3,MIDIW,04:11 Tue,04:56 Tue,344,Broadstairs,CT10 2QW,10:00 Tue,12:00 Tue,10:50 Tue,12:06 Tue,01:16,D,,12111,18,10,4,28,1,Store volume,SALT DOUBLE,,,,15:11 Tue,12:50,07:07,498,0,00:00,95.06,00:00,1,2,3,2,04:11 Tue,15:11 Tue,17:01 Tue,MIDIW,MIDIW,04:11 Tue,04:56 Tue,MIDIW,04:56 Tue,DD Trailer,17:01 Tue,,MIDIW AM BAND 1 Weekly,44T MIDIW,5521,4,119,01622 690 346,,MIDIW,3377,10,18
7,1,4,MIDIW,04:11 Tue,04:56 Tue,10052,FLAMBEAU,CT12 6HW,00:01 Tue,23:59 Tue,12:13 Tue,12:13 Tue,00:00,C,Collection Date -09/08/2016,5000,30,0,0,0,1,Store volume,SALT DOUBLE,,,,15:11 Tue,12:50,07:07,498,0,00:00,95.06,00:00,1,3,4,3,04:11 Tue,15:11 Tue,17:01 Tue,MIDIW,MIDIW,04:11 Tue,04:56 Tue,MIDIW,04:56 Tue,DD Trailer,17:01 Tue,,MIDIW AM BAND 1 Weekly,44T MIDIW,5450,239,4,,,MIDIW,0,0,0
8,1,1,MIDIW,05:17 Tue,06:02 Tue,323,Swansea,SA5 8LJ,10:00 Tue,12:00 Tue,10:00 Tue,12:36 Tue,02:36,D,,17733,31,12,6,43,1,Store volume,SALT DOUBLE,,,,17:04 Tue,13:37,08:06,601,62,00:58,100.86,00:00,1,1,1,1,05:17 Tue,17:04 Tue,18:54 Tue,MIDIW,MIDIW,05:17 Tue,06:02 Tue,MIDIW,06:02 Tue,DD Trailer,18:54 Tue,,MIDIW AM BAND 1 Weekly,44T MIDIW,5511,62,295,,,CAROB,3945,14,29
8,1,2,MIDIW,05:17 Tue,06:02 Tue,10030,N.M.C.,NP22 3AA,00:01 Tue,23:59 Tue,13:34 Tue,13:54 Tue,00:20,C,Collection Date -09/08/2016,5000,11,0,0,0,1,Store volume,SALT DOUBLE,,,,17:04 Tue,13:37,08:06,601,62,00:58,100.86,00:00,1,2,2,2,05:17 Tue,17:04 Tue,18:54 Tue,MIDIW,MIDIW,05:17 Tue,06:02 Tue,MIDIW,06:02 Tue,DD Trailer,18:54 Tue,,MIDIW AM BAND 1 Weekly,44T MIDIW,5452,243,62,,,MIDIW,0,0,0
9,1,1,MIDIW,04:14 Tue,04:59 Tue,474,Hedge End,SO30 2XW,07:30 Tue,09:30 Tue,07:30 Tue,08:36 Tue,01:06,D,,4652,22,1,5,23,1,Store volume,SALT DOUBLE,,,,13:35 Tue,10:21,05:28,445,0,00:00,76.67,00:00,1,1,1,1,04:14 Tue,13:35 Tue,14:35 Tue,MIDIW,MIDIW,04:14 Tue,04:59 Tue,MIDIW,04:59 Tue,DD Trailer,14:35 Tue,,MIDIW AM BAND 1 Weekly,44T MIDIW,5558,20,209,,,MIDIW,2239,10,13
9,1,2,MIDIW,04:14 Tue,04:59 Tue,228,Fareham,PO14 1TS,08:30 Tue,10:30 Tue,08:56 Tue,10:58 Tue,02:02,D,,7879,19,7,5,26,1,Store volume,SALT DOUBLE,,,,13:35 Tue,10:21,05:28,445,0,00:00,76.67,00:00,1,2,2,2,04:14 Tue,13:35 Tue,14:35 Tue,MIDIW,MIDIW,04:14 Tue,04:59 Tue,MIDIW,04:59 Tue,DD Trailer,14:35 Tue,,MIDIW AM BAND 1 Weekly,44T MIDIW,5480,0,20,01472 251121,,MIDIW,2835,8,18
9,1,3,MIDIW,04:14 Tue,04:59 Tue,228,Fareham,PO14 1TS,08:30 Tue,10:30 Tue,10:58 Tue,10:58 Tue,00:00,C,,0,5,0,0,0,4,Salvage,SALT DOUBLE,,,,13:35 Tue,10:21,05:28,445,0,00:00,76.67,00:00,1,2,3,2,04:14 Tue,13:35 Tue,14:35 Tue,MIDIW,MIDIW,04:14 Tue,04:59 Tue,MIDIW,04:59 Tue,DD Trailer,14:35 Tue,,MIDIW AM BAND 1 Weekly,44T MIDIW,5576,216,0,01472 251121,,MIDIW,0,0,0
10,1,1,MIDIW,04:24 Tue,05:09 Tue,287,Colchester,CO1 1XF,07:30 Tue,09:30 Tue,07:30 Tue,08:22 Tue,00:52,D,,3848,13,3,3,16,1,Store volume,SALT DOUBLE,,,,14:59 Tue,11:35,06:06,458,0,00:00,85.8,00:00,1,1,1,1,04:24 Tue,14:59 Tue,15:59 Tue,MIDIW,MIDIW,04:24 Tue,05:09 Tue,MIDIW,05:09 Tue,DD Trailer,15:59 Tue,,MIDIW AM BAND 1 Weekly,44T MIDIW,5500,0,185,01323 431 631,,MIDIW,1611,5,11
10,1,2,MIDIW,04:24 Tue,05:09 Tue,287,Colchester,CO1 1XF,07:30 Tue,09:30 Tue,08:22 Tue,08:22 Tue,00:00,C,,0,5,0,0,0,4,Salvage,SALT DOUBLE,,,,14:59 Tue,11:35,06:06,458,0,00:00,85.8,00:00,1,1,2,1,04:24 Tue,14:59 Tue,15:59 Tue,MIDIW,MIDIW,04:24 Tue,05:09 Tue,MIDIW,05:09 Tue,DD Trailer,15:59 Tue,,MIDIW AM BAND 1 Weekly,44T MIDIW,5586,37,0,01323 431 631,,MIDIW,0,0,0
10,1,3,MIDIW,04:24 Tue,05:09 Tue,449,Maldon,CM9 6TU,08:00 Tue,10:00 Tue,08:55 Tue,10:53 Tue,01:58,D,,6397,18,6,4,24,1,Store volume,SALT DOUBLE,,,,14:59 Tue,11:35,06:06,458,0,00:00,85.8,00:00,1,2,3,2,04:24 Tue,14:59 Tue,15:59 Tue,MIDIW,MIDIW,04:24 Tue,05:09 Tue,MIDIW,05:09 Tue,DD Trailer,15:59 Tue,,MIDIW AM BAND 1 Weekly,44T MIDIW,5548,82,37,,,MIDIW,3371,9,15
10,1,4,MIDIW,04:24 Tue,05:09 Tue,493,Stowmarket,IP14 1RT,12:00 Tue,14:00 Tue,12:01 Tue,12:55 Tue,00:54,D,,5374,15,2,4,17,1,Store volume,SALT DOUBLE,,,,14:59 Tue,11:35,06:06,458,0,00:00,85.8,00:00,1,3,4,3,04:24 Tue,14:59 Tue,15:59 Tue,MIDIW,MIDIW,04:24 Tue,05:09 Tue,MIDIW,05:09 Tue,DD Trailer,15:59 Tue,,MIDIW AM BAND 1 Weekly,44T MIDIW,5564,154,82,,,,520,4,13
11,1,1,MIDIW,04:39 Tue,05:24 Tue,332,Basingstoke,RG21 6AA,07:30 Tue,09:30 Tue,07:30 Tue,08:44 Tue,01:14,D,,9158,19,8,5,27,1,Store volume,SALT DOUBLE,,,,14:04 Tue,10:25,05:20,329,133,02:17,77.16,00:00,1,1,1,1,04:39 Tue,14:04 Tue,15:04 Tue,MIDIW,MIDIW,04:39 Tue,05:24 Tue,MIDIW,05:24 Tue,DD Trailer,15:04 Tue,,MIDIW AM BAND 1 Weekly,44T MIDIW,5514,36,161,01892 510225,,MIDIW,3916,9,18
11,1,2,MIDIW,04:39 Tue,05:24 Tue,371,Reading,RG30 1PR,08:00 Tue,10:00 Tue,09:41 Tue,11:47 Tue,02:06,D,,10028,23,5,5,28,1,Store volume,SALT DOUBLE,,,,14:04 Tue,10:25,05:20,329,133,02:17,77.16,00:00,1,2,2,2,04:39 Tue,14:04 Tue,15:04 Tue,MIDIW,MIDIW,04:39 Tue,05:24 Tue,MIDIW,05:24 Tue,DD Trailer,15:04 Tue,,MIDIW AM BAND 1 Weekly,44T MIDIW,5533,133,36,,,MIDIW,3328,10,18
12,1,1,MIDIW,04:40 Tue,05:25 Tue,227,Waterlooville,PO7 7HR,08:00 Tue,10:00 Tue,08:01 Tue,09:01 Tue,01:00,D,,4960,15,5,4,20,1,Store volume,SALT DOUBLE,,,,14:39 Tue,10:59,06:22,452,0,00:00,81.36,00:00,1,1,1,1,04:40 Tue,14:39 Tue,15:39 Tue,MIDIW,MIDIW,04:40 Tue,05:25 Tue,MIDIW,05:25 Tue,DD Trailer,15:39 Tue,,MIDIW AM BAND 1 Weekly,44T MIDIW,5479,0,199,01205 310186,,MIDIW,2095,5,15
12,1,2,MIDIW,04:40 Tue,05:25 Tue,227,Waterlooville,PO7 7HR,08:00 Tue,10:00 Tue,09:01 Tue,09:01 Tue,00:00,C,,0,5,0,0,0,4,Salvage,SALT DOUBLE,,,,14:39 Tue,10:59,06:22,452,0,00:00,81.36,00:00,1,1,2,1,04:40 Tue,14:39 Tue,15:39 Tue,MIDIW,MIDIW,04:40 Tue,05:25 Tue,MIDIW,05:25 Tue,DD Trailer,15:39 Tue,,MIDIW AM BAND 1 Weekly,44T MIDIW,5575,41,0,01205 310186,,MIDIW,0,0,0
12,1,3,MIDIW,04:40 Tue,05:25 Tue,475,Alton,GU34 2QS,09:00 Tue,11:00 Tue,09:38 Tue,11:30 Tue,01:52,D,,4063,16,5,4,21,1,Store volume,SALT DOUBLE,,,,14:39 Tue,10:59,06:22,452,0,00:00,81.36,00:00,1,2,3,2,04:40 Tue,14:39 Tue,15:39 Tue,MIDIW,MIDIW,04:40 Tue,05:25 Tue,MIDIW,05:25 Tue,DD Trailer,15:39 Tue,,MIDIW AM BAND 1 Weekly,44T MIDIW,5559,42,41,,,MIDIW,2826,8,13
12,1,4,MIDIW,04:40 Tue,05:25 Tue,10053,DRAPER,SO53 1YF,00:01 Tue,23:59 Tue,12:12 Tue,12:12 Tue,00:00,C,Collection Date -09/08/2016,5000,30,0,0,0,1,Store volume,SALT DOUBLE,,,,14:39 Tue,10:59,06:22,452,0,00:00,81.36,00:00,1,3,4,3,04:40 Tue,14:39 Tue,15:39 Tue,MIDIW,MIDIW,04:40 Tue,05:25 Tue,MIDIW,05:25 Tue,DD Trailer,15:39 Tue,,MIDIW AM BAND 1 Weekly,44T MIDIW,5451,169,42,,,MIDIW,0,0,0
13,1,1,MIDIW,04:47 Tue,05:32 Tue,436,Halesowen,B62 8DU,07:00 Tue,09:00 Tue,07:00 Tue,08:08 Tue,01:08,D,,6851,20,4,4,24,1,Store volume,SALT DOUBLE,,,,12:48 Tue,09:00,03:53,264,0,00:00,66.67,00:00,1,1,1,1,04:47 Tue,12:48 Tue,13:48 Tue,MIDIW,MIDIW,04:47 Tue,05:32 Tue,MIDIW,05:32 Tue,DD Trailer,13:48 Tue,,MIDIW AM BAND 1 Weekly,44T MIDIW,5545,9,115,,,MIDIW,2453,10,14
13,1,2,MIDIW,04:47 Tue,05:32 Tue,252,Dudley,DY5 1HR,08:15 Tue,10:15 Tue,08:23 Tue,09:27 Tue,01:04,D,,7806,18,4,4,22,1,Store volume,SALT DOUBLE,,,,12:48 Tue,09:00,03:53,264,0,00:00,66.67,00:00,1,2,2,2,04:47 Tue,12:48 Tue,13:48 Tue,MIDIW,MIDIW,04:47 Tue,05:32 Tue,MIDIW,05:32 Tue,DD Trailer,13:48 Tue,,MIDIW AM BAND 1 Weekly,44T MIDIW,5489,0,9,01384 481381,,MIDIW,3905,9,13
13,1,3,MIDIW,04:47 Tue,05:32 Tue,252,Dudley,DY5 1HR,08:15 Tue,10:15 Tue,09:27 Tue,09:27 Tue,00:00,C,,0,5,0,0,0,4,Salvage,SALT DOUBLE,,,,12:48 Tue,09:00,03:53,264,0,00:00,66.67,00:00,1,2,3,2,04:47 Tue,12:48 Tue,13:48 Tue,MIDIW,MIDIW,04:47 Tue,05:32 Tue,MIDIW,05:32 Tue,DD Trailer,13:48 Tue,,MIDIW AM BAND 1 Weekly,44T MIDIW,5581,18,0,01384 481381,,MIDIW,0,0,0
13,1,4,MIDIW,04:47 Tue,05:32 Tue,10040,ROTHLEY TUBES,WV6 9HG,00:01 Tue,23:59 Tue,09:58 Tue,11:08 Tue,01:10,C,Collection Date -09/08/2016,5000,6,0,0,0,1,Store volume,SALT DOUBLE,744969,rothley.com - 01902 774620,carol.jones@rothley.com,12:48 Tue,09:00,03:53,264,0,00:00,66.67,00:00,1,3,4,3,04:47 Tue,12:48 Tue,13:48 Tue,MIDIW,MIDIW,04:47 Tue,05:32 Tue,MIDIW,05:32 Tue,DD Trailer,13:48 Tue,,MIDIW AM BAND 1 Weekly,44T MIDIW,5446,121,18,,,MIDIW,0,0,0
14,1,1,MIDIW,04:05 Tue,04:50 Tue,82,Rayleigh,SS6 7TS,06:30 Tue,08:30 Tue,06:45 Tue,07:57 Tue,01:12,D,,8036,21,5,5,26,1,Store volume,SALT DOUBLE,,,,12:58 Tue,09:53,04:42,327,0,00:00,73.21,00:00,1,1,1,1,04:05 Tue,12:58 Tue,13:58 Tue,MIDIW,MIDIW,04:05 Tue,04:50 Tue,MIDIW,04:50 Tue,DD Trailer,13:58 Tue,,MIDIW AM BAND 1 Weekly,44T MIDIW,5470,0,150,01268 776 262,,MIDIW,3036,9,17
14,1,2,MIDIW,04:05 Tue,04:50 Tue,82,Rayleigh,SS6 7TS,06:30 Tue,08:30 Tue,07:57 Tue,07:57 Tue,00:00,C,,0,5,0,0,0,4,Salvage,SALT DOUBLE,,,,12:58 Tue,09:53,04:42,327,0,00:00,73.21,00:00,1,1,2,1,04:05 Tue,12:58 Tue,13:58 Tue,MIDIW,MIDIW,04:05 Tue,04:50 Tue,MIDIW,04:50 Tue,DD Trailer,13:58 Tue,,MIDIW AM BAND 1 Weekly,44T MIDIW,5571,56,0,01268 776 262,,MIDIW,0,0,0
14,1,3,MIDIW,04:05 Tue,04:50 Tue,337,Harlow,CM20 2SU,07:30 Tue,09:30 Tue,09:02 Tue,11:16 Tue,02:14,D,,11625,24,8,6,32,1,Store volume,SALT DOUBLE,,,,12:58 Tue,09:53,04:42,327,0,00:00,73.21,00:00,1,2,3,2,04:05 Tue,12:58 Tue,13:58 Tue,MIDIW,MIDIW,04:05 Tue,04:50 Tue,MIDIW,04:50 Tue,DD Trailer,13:58 Tue,,MIDIW AM BAND 1 Weekly,44T MIDIW,5517,0,56,01372 748890,,MIDIW,3613,11,21
14,1,4,MIDIW,04:05 Tue,04:50 Tue,337,Harlow,CM20 2SU,07:30 Tue,09:30 Tue,11:16 Tue,11:16 Tue,00:00,C,,0,5,0,0,0,4,Salvage,SALT DOUBLE,,,,12:58 Tue,09:53,04:42,327,0,00:00,73.21,00:00,1,2,4,2,04:05 Tue,12:58 Tue,13:58 Tue,MIDIW,MIDIW,04:05 Tue,04:50 Tue,MIDIW,04:50 Tue,DD Trailer,13:58 Tue,,MIDIW AM BAND 1 Weekly,44T MIDIW,5593,121,0,01372 748890,,MIDIW,0,0,0
15,1,1,MIDIW,06:21 Tue,07:06 Tue,72,Cricklewood,NW2 6JN,06:30 Tue,08:30 Tue,08:30 Tue,10:02 Tue,01:32,D,,17312,25,11,5,36,1,Store volume,SALT DOUBLE,,,,14:17 Tue,08:56,02:45,195,0,00:00,66.17,01:00,1,1,1,1,06:21 Tue,14:17 Tue,15:17 Tue,MIDIW,MIDIW,06:21 Tue,07:06 Tue,MIDIW,07:06 Tue,DD Trailer,15:17 Tue,,MIDIW AM BAND 2 Weekly,44T MIDIW,5463,0,96,01159 865983,,MIDIW,3191,12,24
15,1,2,MIDIW,06:21 Tue,07:06 Tue,72,Cricklewood,NW2 6JN,06:30 Tue,08:30 Tue,10:02 Tue,10:02 Tue,00:00,C,,0,5,0,0,0,4,Salvage,SALT DOUBLE,,,,14:17 Tue,08:56,02:45,195,0,00:00,66.17,01:00,1,1,2,1,06:21 Tue,14:17 Tue,15:17 Tue,MIDIW,MIDIW,06:21 Tue,07:06 Tue,MIDIW,07:06 Tue,DD Trailer,15:17 Tue,,MIDIW AM BAND 2 Weekly,44T MIDIW,5568,3,0,01159 865983,,MIDIW,0,0,0
15,1,3,MIDIW,06:21 Tue,07:06 Tue,473,Hendon,NW9 7TH,12:00 Tue,14:00 Tue,12:00 Tue,13:04 Tue,01:04,D,,6921,16,6,4,22,1,Store volume,SALT DOUBLE,,,,14:17 Tue,08:56,02:45,195,0,00:00,66.17,01:00,1,2,3,2,06:21 Tue,14:17 Tue,15:17 Tue,MIDIW,MIDIW,06:21 Tue,07:06 Tue,MIDIW,07:06 Tue,DD Trailer,15:17 Tue,,MIDIW AM BAND 2 Weekly,44T MIDIW,5557,0,3,,,MIDIW,1731,9,13
15,1,4,MIDIW,06:21 Tue,07:06 Tue,473,Hendon,NW9 7TH,12:00 Tue,14:00 Tue,13:04 Tue,13:04 Tue,00:00,C,,0,5,0,0,0,4,Salvage,SALT DOUBLE,,,,14:17 Tue,08:56,02:45,195,0,00:00,66.17,01:00,1,2,4,2,06:21 Tue,14:17 Tue,15:17 Tue,MIDIW,MIDIW,06:21 Tue,07:06 Tue,MIDIW,07:06 Tue,DD Trailer,15:17 Tue,,MIDIW AM BAND 2 Weekly,44T MIDIW,5610,96,0,,,MIDIW,0,0,0
16,1,1,MIDIW,05:07 Tue,05:52 Tue,418,Ashton Gate,BS3 2LQ,08:00 Tue,10:00 Tue,08:39 Tue,09:55 Tue,01:16,D,,11077,20,8,5,28,1,Store volume,SALT DOUBLE,,,,15:22 Tue,11:15,06:18,453,218,02:56,83.33,00:00,1,1,1,1,05:07 Tue,15:22 Tue,16:22 Tue,MIDIW,MIDIW,05:07 Tue,05:52 Tue,MIDIW,05:52 Tue,DD Trailer,16:22 Tue,,MIDIW AM BAND 1 Weekly,44T MIDIW,5541,34,201,,,MIDIW,2482,8,20
16,1,2,MIDIW,05:07 Tue,05:52 Tue,329,Weston Super Mare,BS23 3YG,10:30 Tue,12:30 Tue,10:30 Tue,12:26 Tue,01:56,D,,7686,17,6,4,23,1,Store volume,SALT DOUBLE,,,,15:22 Tue,11:15,06:18,453,218,02:56,83.33,00:00,1,2,2,2,05:07 Tue,15:22 Tue,16:22 Tue,MIDIW,MIDIW,05:07 Tue,05:52 Tue,MIDIW,05:52 Tue,DD Trailer,16:22 Tue,,MIDIW AM BAND 1 Weekly,44T MIDIW,5512,218,34,020 8507 7869,,MIDIW,2153,9,14
17,1,1,MIDIW,05:06 Tue,05:51 Tue,495,Newbury,RG14 5EA,07:30 Tue,09:30 Tue,07:30 Tue,08:24 Tue,00:54,D,,4157,14,3,3,17,1,Store volume,SALT DOUBLE,,,,12:59 Tue,08:53,04:04,286,0,00:00,65.8,00:00,1,1,1,1,05:06 Tue,12:59 Tue,13:59 Tue,MIDIW,MIDIW,05:06 Tue,05:51 Tue,MIDIW,05:51 Tue,DD Trailer,13:59 Tue,,MIDIW AM BAND 1 Weekly,44T MIDIW,5565,0,115,,,MIDIW,1467,6,11
17,1,2,MIDIW,05:06 Tue,05:51 Tue,495,Newbury,RG14 5EA,07:30 Tue,09:30 Tue,08:24 Tue,08:24 Tue,00:00,C,,0,5,0,0,0,4,Salvage,SALT DOUBLE,,,,12:59 Tue,08:53,04:04,286,0,00:00,65.8,00:00,1,1,2,1,05:06 Tue,12:59 Tue,13:59 Tue,MIDIW,MIDIW,05:06 Tue,05:51 Tue,MIDIW,05:51 Tue,DD Trailer,13:59 Tue,,MIDIW AM BAND 1 Weekly,44T MIDIW,5613,34,0,,,MIDIW,0,0,0
17,1,3,MIDIW,05:06 Tue,05:51 Tue,465,Winnersh,RG41 5HH,08:00 Tue,10:00 Tue,09:06 Tue,10:26 Tue,01:20,D,,9356,20,10,4,30,1,Store volume,SALT DOUBLE,,,,12:59 Tue,08:53,04:04,286,0,00:00,65.8,00:00,1,2,3,2,05:06 Tue,12:59 Tue,13:59 Tue,MIDIW,MIDIW,05:06 Tue,05:51 Tue,MIDIW,05:51 Tue,DD Trailer,13:59 Tue,,MIDIW AM BAND 1 Weekly,44T MIDIW,5555,137,34,,,MIDIW,5270,9,21
18,1,1,MIDIW,07:59 Tue,08:44 Tue,385,Guildford,GU1 1EH,12:15 Tue,14:15 Tue,12:15 Tue,13:17 Tue,01:02,D,,7979,19,2,4,21,1,Store volume,SALT DOUBLE,,,,17:07 Tue,10:08,03:56,301,0,00:00,75.06,01:49,1,1,1,1,07:59 Tue,17:07 Tue,18:07 Tue,MIDIW,MIDIW,07:59 Tue,08:44 Tue,MIDIW,08:44 Tue,DD Trailer,18:07 Tue,,MIDIW AM BAND 2 Weekly,44T MIDIW,5535,0,140,,,MIDIW,2318,7,14
18,1,2,MIDIW,07:59 Tue,08:44 Tue,385,Guildford,GU1 1EH,12:15 Tue,14:15 Tue,13:17 Tue,13:17 Tue,00:00,C,,0,5,0,0,0,4,Salvage,SALT DOUBLE,,,,17:07 Tue,10:08,03:56,301,0,00:00,75.06,01:49,1,1,2,1,07:59 Tue,17:07 Tue,18:07 Tue,MIDIW,MIDIW,07:59 Tue,08:44 Tue,MIDIW,08:44 Tue,DD Trailer,18:07 Tue,,MIDIW AM BAND 2 Weekly,44T MIDIW,5602,23,0,,,MIDIW,0,0,0
18,1,3,MIDIW,07:59 Tue,08:44 Tue,52,Farnborough,GU14 7QU,14:00 Tue,16:00 Tue,14:32 Tue,15:18 Tue,00:46,D,,2478,9,4,2,13,1,Store volume,SALT DOUBLE,,,,17:07 Tue,10:08,03:56,301,0,00:00,75.06,01:49,1,2,3,2,07:59 Tue,17:07 Tue,18:07 Tue,MIDIW,MIDIW,07:59 Tue,08:44 Tue,MIDIW,08:44 Tue,DD Trailer,18:07 Tue,,MIDIW AM BAND 2 Weekly,44T MIDIW,5456,0,23,01252 510 251,,MIDIW,1008,5,8
18,1,4,MIDIW,07:59 Tue,08:44 Tue,52,Farnborough,GU14 7QU,14:00 Tue,16:00 Tue,15:18 Tue,15:18 Tue,00:00,C,,0,5,0,0,0,4,Salvage,SALT DOUBLE,,,,17:07 Tue,10:08,03:56,301,0,00:00,75.06,01:49,1,2,4,2,07:59 Tue,17:07 Tue,18:07 Tue,MIDIW,MIDIW,07:59 Tue,08:44 Tue,MIDIW,08:44 Tue,DD Trailer,18:07 Tue,,MIDIW AM BAND 2 Weekly,44T MIDIW,5566,138,0,01252 510 251,,MIDIW,0,0,0
19,1,1,MIDIW,14:33 Tue,15:18 Tue,62,Dunstable,LU5 4JY,14:00 Tue,16:00 Tue,16:00 Tue,17:12 Tue,01:12,D,,7102,21,5,4,26,1,Store volume,SALT DOUBLE,,,,00:12 Wed,10:39,05:23,249,119,02:24,106.5,00:31,1,1,1,1,14:33 Tue,00:12 Wed,01:12 Wed,MIDIW,MIDIW,14:33 Tue,15:18 Tue,MIDIW,15:18 Tue,DD Trailer,01:12 Wed,,MIDIW PM BAND 2 Weekly,44T MIDIW,5459,77,54,01582 606 864,,MIDIW,2816,10,16
19,1,2,MIDIW,14:33 Tue,15:18 Tue,480,Anerley,SE20 8PY,20:00 Tue,21:30 Tue,20:00 Tue,21:48 Tue,01:48,D,,2586,15,4,4,19,1,Store volume,SALT DOUBLE,,,,00:12 Wed,10:39,05:23,249,119,02:24,106.5,00:31,1,2,2,2,14:33 Tue,00:12 Wed,01:12 Wed,MIDIW,MIDIW,14:33 Tue,15:18 Tue,MIDIW,15:18 Tue,DD Trailer,01:12 Wed,,MIDIW PM BAND 2 Weekly,44T MIDIW,5560,119,77,,,MIDIW,1215,9,10
20,1,1,MIDIW,06:05 Tue,06:50 Tue,234,Oxford,OX2 0HA,07:30 Tue,09:30 Tue,07:52 Tue,09:06 Tue,01:14,D,,7588,24,3,5,27,1,Store volume,SALT DOUBLE,,,,11:29 Tue,09:47,03:18,181,70,01:23,72.47,00:30,2,1,1,1,06:05 Tue,11:29 Tue,12:49 Tue,MIDIW,MIDIW,06:05 Tue,06:50 Tue,MIDIW,06:50 Tue,DD Trailer,15:54 Tue,,MIDIW AM BAND 2 Weekly,44T MIDIW,5484,22,70,01865 202030,,MIDIW,3627,9,18
20,1,2,MIDIW,06:05 Tue,06:50 Tue,318,Bicester,OX26 6PZ,07:30 Tue,09:30 Tue,09:30 Tue,10:36 Tue,01:06,D,,7304,20,3,5,23,1,Store volume,SALT DOUBLE,,,,11:29 Tue,09:47,03:18,181,70,01:23,72.47,00:30,2,2,2,2,06:05 Tue,11:29 Tue,12:49 Tue,MIDIW,MIDIW,06:05 Tue,06:50 Tue,MIDIW,06:50 Tue,DD Trailer,15:54 Tue,,MIDIW AM BAND 2 Weekly,44T MIDIW,5507,51,22,01224 621721,,MIDIW,2471,7,16
20,2,1,MIDIW,06:05 Tue,13:34 Tue,NETOB,NETHEROB,NN7 3LB,00:01 Tue,23:59 Tue,14:04 Tue,14:24 Tue,00:20,C,NETHER IW,0,0,0,0,1,1,Store volume,SALT SINGLE,,,,14:54 Tue,09:47,03:18,181,70,01:23,72.47,00:30,2,3,3,1,13:19 Tue,14:54 Tue,15:54 Tue,MIDIW,MIDIW,13:19 Tue,13:34 Tue,MIDIW,13:34 Tue,SD Trailer,15:54 Tue,,MIDIW AM BAND 2 Weekly,44T MIDIW,5407,19,19,,,,0,0,0
21,1,1,MIDIW,06:00 Tue,06:45 Tue,343,Telford,TF2 6DN,08:00 Tue,10:00 Tue,08:34 Tue,09:54 Tue,01:20,D,,11165,22,8,5,30,1,Store volume,SALT DOUBLE,,,,15:36 Tue,10:36,05:25,395,0,00:00,78.52,00:00,1,1,1,1,06:00 Tue,15:36 Tue,16:36 Tue,MIDIW,MIDIW,06:00 Tue,06:45 Tue,MIDIW,06:45 Tue,DD Trailer,16:36 Tue,,MIDIW AM BAND 2 Weekly,44T MIDIW,5520,0,141,,,MIDIW,3791,8,22
21,1,2,MIDIW,06:00 Tue,06:45 Tue,343,Telford,TF2 6DN,08:00 Tue,10:00 Tue,09:54 Tue,09:54 Tue,00:00,C,,0,5,0,0,0,4,Salvage,SALT DOUBLE,,,,15:36 Tue,10:36,05:25,395,0,00:00,78.52,00:00,1,1,2,1,06:00 Tue,15:36 Tue,16:36 Tue,MIDIW,MIDIW,06:00 Tue,06:45 Tue,MIDIW,06:45 Tue,DD Trailer,16:36 Tue,,MIDIW AM BAND 2 Weekly,44T MIDIW,5595,27,0,,,MIDIW,0,0,0
21,1,3,MIDIW,06:00 Tue,06:45 Tue,268,Shrewsbury,SY1 4EN,09:00 Tue,11:00 Tue,10:24 Tue,11:20 Tue,00:56,D,,4711,14,4,4,18,1,Store volume,SALT DOUBLE,,,,15:36 Tue,10:36,05:25,395,0,00:00,78.52,00:00,1,2,3,2,06:00 Tue,15:36 Tue,16:36 Tue,MIDIW,MIDIW,06:00 Tue,06:45 Tue,MIDIW,06:45 Tue,DD Trailer,16:36 Tue,,MIDIW AM BAND 2 Weekly,44T MIDIW,5493,61,27,01270 251784,,MIDIW,2093,8,10
21,1,4,MIDIW,06:00 Tue,06:45 Tue,10022,H & R Johnson (Stoke),ST6 5JZ,00:01 Tue,23:59 Tue,13:12 Tue,13:32 Tue,00:20,C,Collection Date -09/08/2016,24000,28,0,0,0,1,Store volume,SALT DOUBLE,744911,Sue Lear - 1782524063,slear@johnson-tiles.com,15:36 Tue,10:36,05:25,395,0,00:00,78.52,00:00,1,3,4,3,06:00 Tue,15:36 Tue,16:36 Tue,MIDIW,MIDIW,06:00 Tue,06:45 Tue,MIDIW,06:45 Tue,DD Trailer,16:36 Tue,,MIDIW AM BAND 2 Weekly,44T MIDIW,5444,166,61,,,MIDIW,0,0,0
22,1,1,MIDIW,06:23 Tue,07:08 Tue,96,Hemel Hempstead,HP3 9SR,07:00 Tue,09:00 Tue,08:06 Tue,09:22 Tue,01:16,D,,10148,20,8,4,28,1,Store volume,SALT DOUBLE,,,,14:12 Tue,08:49,03:38,275,136,01:44,65.31,00:00,1,1,1,1,06:23 Tue,14:12 Tue,15:12 Tue,MIDIW,MIDIW,06:23 Tue,07:08 Tue,MIDIW,07:08 Tue,DD Trailer,15:12 Tue,,MIDIW AM BAND 2 Weekly,44T MIDIW,5472,66,73,01233 502 088,,MIDIW,3498,9,19
22,1,2,MIDIW,06:23 Tue,07:08 Tue,312,Bracknell,RG12 1NS,09:00 Tue,11:00 Tue,10:18 Tue,11:38 Tue,01:20,D,,14122,21,9,4,30,1,Store volume,SALT DOUBLE,,,,14:12 Tue,08:49,03:38,275,136,01:44,65.31,00:00,1,2,2,2,06:23 Tue,14:12 Tue,15:12 Tue,MIDIW,MIDIW,06:23 Tue,07:08 Tue,MIDIW,07:08 Tue,DD Trailer,15:12 Tue,,MIDIW AM BAND 2 Weekly,44T MIDIW,5505,136,66,01786 451809,,MIDIW,4261,9,21
23,1,1,MIDIW,07:02 Tue,07:47 Tue,98,Cribbs,BS34 5TS,09:00 Tue,11:00 Tue,10:20 Tue,11:20 Tue,01:00,D,,7156,16,4,4,20,1,Store volume,SALT DOUBLE,,,,16:41 Tue,10:39,05:58,408,173,02:35,78.89,00:00,1,1,1,1,07:02 Tue,16:41 Tue,17:41 Tue,MIDIW,MIDIW,07:02 Tue,07:47 Tue,MIDIW,07:47 Tue,DD Trailer,17:41 Tue,,MIDIW AM BAND 2 Weekly,44T MIDIW,5474,51,184,01925 230218,,MIDIW,2122,9,11
23,1,2,MIDIW,07:02 Tue,07:47 Tue,275,Trowbridge,BA14 8RN,13:00 Tue,15:00 Tue,13:00 Tue,14:06 Tue,01:06,D,,8131,18,5,4,23,1,Store volume,SALT DOUBLE,,,,16:41 Tue,10:39,05:58,408,173,02:35,78.89,00:00,1,2,2,2,07:02 Tue,16:41 Tue,17:41 Tue,MIDIW,MIDIW,07:02 Tue,07:47 Tue,MIDIW,07:47 Tue,DD Trailer,17:41 Tue,,MIDIW AM BAND 2 Weekly,44T MIDIW,5496,173,51,01225 776580,,MIDIW,2664,9,14
24,1,1,MIDIW,07:08 Tue,07:53 Tue,73,Hanwell,W7 3SA,07:45 Tue,09:45 Tue,09:36 Tue,10:40 Tue,01:04,D,,6688,16,6,4,22,1,Store volume,SALT DOUBLE,,,,14:20 Tue,08:12,03:35,247,0,00:00,60.74,00:00,1,1,1,1,07:08 Tue,14:20 Tue,15:20 Tue,MIDIW,MIDIW,07:08 Tue,07:53 Tue,MIDIW,07:53 Tue,DD Trailer,15:20 Tue,,MIDIW AM BAND 2 Weekly,44T MIDIW,5464,11,113,020 8450 9025,,MIDIW,2355,8,14
24,1,2,MIDIW,07:08 Tue,07:53 Tue,260,Hanworth,TW13 6JH,09:00 Tue,11:00 Tue,11:00 Tue,11:58 Tue,00:58,D,,4688,15,4,4,19,1,Store volume,SALT DOUBLE,,,,14:20 Tue,08:12,03:35,247,0,00:00,60.74,00:00,1,2,2,2,07:08 Tue,14:20 Tue,15:20 Tue,MIDIW,MIDIW,07:08 Tue,07:53 Tue,MIDIW,07:53 Tue,DD Trailer,15:20 Tue,,MIDIW AM BAND 2 Weekly,44T MIDIW,5491,0,11,0131 669 6161,,MIDIW,1854,9,10
24,1,3,MIDIW,07:08 Tue,07:53 Tue,260,Hanworth,TW13 6JH,09:00 Tue,11:00 Tue,11:58 Tue,11:58 Tue,00:00,C,,0,5,0,0,0,4,Salvage,SALT DOUBLE,,,,14:20 Tue,08:12,03:35,247,0,00:00,60.74,00:00,1,2,3,2,07:08 Tue,14:20 Tue,15:20 Tue,MIDIW,MIDIW,07:08 Tue,07:53 Tue,MIDIW,07:53 Tue,DD Trailer,15:20 Tue,,MIDIW AM BAND 2 Weekly,44T MIDIW,5583,122,0,0131 669 6161,,MIDIW,0,0,0
25,1,1,MIDIW,07:31 Tue,08:16 Tue,331,Tamworth,B77 5BY,09:30 Tue,11:30 Tue,09:30 Tue,10:28 Tue,00:58,D,,3871,14,5,4,19,1,Store volume,SALT DOUBLE,,,,16:26 Tue,09:55,04:56,353,0,00:00,73.46,00:00,1,1,1,1,07:31 Tue,16:26 Tue,17:26 Tue,MIDIW,MIDIW,07:31 Tue,08:16 Tue,MIDIW,08:16 Tue,DD Trailer,17:26 Tue,,MIDIW AM BAND 2 Weekly,44T MIDIW,5513,0,95,,,MIDIW,2163,8,11
25,1,2,MIDIW,07:31 Tue,08:16 Tue,331,Tamworth,B77 5BY,09:30 Tue,11:30 Tue,10:28 Tue,10:28 Tue,00:00,C,,0,5,0,0,0,4,Salvage,SALT DOUBLE,,,,16:26 Tue,09:55,04:56,353,0,00:00,73.46,00:00,1,1,2,1,07:31 Tue,16:26 Tue,17:26 Tue,MIDIW,MIDIW,07:31 Tue,08:16 Tue,MIDIW,08:16 Tue,DD Trailer,17:26 Tue,,MIDIW AM BAND 2 Weekly,44T MIDIW,5592,20,0,,,MIDIW,0,0,0
25,1,3,MIDIW,07:31 Tue,08:16 Tue,359,Lichfield,WS13 6RW,09:00 Tue,11:00 Tue,10:51 Tue,11:57 Tue,01:06,D,,5322,16,7,4,23,1,Store volume,SALT DOUBLE,,,,16:26 Tue,09:55,04:56,353,0,00:00,73.46,00:00,1,2,3,2,07:31 Tue,16:26 Tue,17:26 Tue,MIDIW,MIDIW,07:31 Tue,08:16 Tue,MIDIW,08:16 Tue,DD Trailer,17:26 Tue,,MIDIW AM BAND 2 Weekly,44T MIDIW,5526,66,20,,,MIDIW,2662,9,14
25,1,4,MIDIW,07:31 Tue,08:16 Tue,10023,H & R Johnson (Alsager),ST7 2DF,00:01 Tue,23:59 Tue,13:54 Tue,14:14 Tue,00:20,C,Collection Date -09/08/2016,24000,60,0,0,0,1,Store volume,SALT DOUBLE,744929,Sue Lear - 1782524063,slear@johnson-tiles.com,16:26 Tue,09:55,04:56,353,0,00:00,73.46,00:00,1,3,4,3,07:31 Tue,16:26 Tue,17:26 Tue,MIDIW,MIDIW,07:31 Tue,08:16 Tue,MIDIW,08:16 Tue,DD Trailer,17:26 Tue,,MIDIW AM BAND 2 Weekly,44T MIDIW,5443,173,66,,,MIDIW,0,0,0
26,1,1,MIDIW,07:08 Tue,07:53 Tue,429,Milton Keynes,MK6 1AP,07:30 Tue,09:30 Tue,08:22 Tue,09:20 Tue,00:58,D,,5926,15,4,3,19,1,Store volume,SALT DOUBLE,,,,12:34 Tue,09:21,03:31,188,88,01:37,69.26,00:00,2,1,1,1,07:08 Tue,12:34 Tue,13:54 Tue,MIDIW,MIDIW,07:08 Tue,07:53 Tue,MIDIW,07:53 Tue,DD Trailer,16:29 Tue,,MIDIW AM BAND 2 Weekly,44T MIDIW,5543,50,31,,,MIDIW,1956,6,13
26,1,2,MIDIW,07:08 Tue,07:53 Tue,270,Letchworth,SG6 1UP,08:30 Tue,10:30 Tue,10:15 Tue,11:27 Tue,01:12,D,,6941,18,8,4,26,1,Store volume,SALT DOUBLE,,,,12:34 Tue,09:21,03:31,188,88,01:37,69.26,00:00,2,2,2,2,07:08 Tue,12:34 Tue,13:54 Tue,MIDIW,MIDIW,07:08 Tue,07:53 Tue,MIDIW,07:53 Tue,DD Trailer,16:29 Tue,,MIDIW AM BAND 2 Weekly,44T MIDIW,5494,69,50,01524 848148,,MIDIW,2732,8,18
26,2,1,MIDIW,07:08 Tue,14:09 Tue,NETOB,NETHEROB,NN7 3LB,00:01 Tue,23:59 Tue,14:39 Tue,14:59 Tue,00:20,C,NETHER IW,0,0,0,0,1,1,Store volume,SALT SINGLE,,,,15:29 Tue,09:21,03:31,188,88,01:37,69.26,00:00,2,3,3,1,13:54 Tue,15:29 Tue,16:29 Tue,MIDIW,MIDIW,13:54 Tue,14:09 Tue,MIDIW,14:09 Tue,SD Trailer,16:29 Tue,,MIDIW AM BAND 2 Weekly,44T MIDIW,5406,19,19,,,,0,0,0
27,1,1,MIDIW,07:37 Tue,08:22 Tue,340,Slough,SL1 4UN,08:00 Tue,10:00 Tue,09:52 Tue,11:10 Tue,01:18,D,,14172,18,11,4,29,1,Store volume,SALT DOUBLE,,,,15:00 Tue,08:23,03:12,242,110,01:22,62.1,00:00,1,1,1,1,07:37 Tue,15:00 Tue,16:00 Tue,MIDIW,MIDIW,07:37 Tue,08:22 Tue,MIDIW,08:22 Tue,DD Trailer,16:00 Tue,,MIDIW AM BAND 2 Weekly,44T MIDIW,5518,16,115,,,MIDIW,2984,9,20
27,1,2,MIDIW,07:37 Tue,08:22 Tue,313,High Wycombe,HP11 1FY,09:30 Tue,11:30 Tue,11:30 Tue,12:48 Tue,01:18,D,,10662,21,8,4,29,1,Store volume,SALT DOUBLE,,,,15:00 Tue,08:23,03:12,242,110,01:22,62.1,00:00,1,2,2,2,07:37 Tue,15:00 Tue,16:00 Tue,MIDIW,MIDIW,07:37 Tue,08:22 Tue,MIDIW,08:22 Tue,DD Trailer,16:00 Tue,,MIDIW AM BAND 2 Weekly,44T MIDIW,5506,110,16,01246 558620,,MIDIW,3784,10,19
28,1,1,MIDIW,06:00 Tue,06:45 Tue,351,Cirencester,GL7 1YQ,08:30 Tue,10:30 Tue,08:42 Tue,09:38 Tue,00:56,D,,3758,15,3,4,18,1,Store volume,SALT DOUBLE,,,,13:52 Tue,08:52,03:59,268,0,00:00,65.68,00:00,1,1,1,1,06:00 Tue,13:52 Tue,14:52 Tue,MIDIW,MIDIW,06:00 Tue,06:45 Tue,MIDIW,06:45 Tue,DD Trailer,14:52 Tue,,MIDIW AM BAND 2 Weekly,44T MIDIW,5523,22,133,,,MIDIW,1813,8,10
28,1,2,MIDIW,06:00 Tue,06:45 Tue,342,Swindon,SN2 8DH,09:00 Tue,11:00 Tue,10:00 Tue,11:22 Tue,01:22,D,,10535,25,6,6,31,1,Store volume,SALT DOUBLE,,,,13:52 Tue,08:52,03:59,268,0,00:00,65.68,00:00,1,2,2,2,06:00 Tue,13:52 Tue,14:52 Tue,MIDIW,MIDIW,06:00 Tue,06:45 Tue,MIDIW,06:45 Tue,DD Trailer,14:52 Tue,,MIDIW AM BAND 2 Weekly,44T MIDIW,5519,0,22,01793 610701,,MIDIW,3177,14,17
28,1,3,MIDIW,06:00 Tue,06:45 Tue,342,Swindon,SN2 8DH,09:00 Tue,11:00 Tue,11:22 Tue,11:22 Tue,00:00,C,,0,5,0,0,0,4,Salvage,SALT DOUBLE,,,,13:52 Tue,08:52,03:59,268,0,00:00,65.68,00:00,1,2,3,2,06:00 Tue,13:52 Tue,14:52 Tue,MIDIW,MIDIW,06:00 Tue,06:45 Tue,MIDIW,06:45 Tue,DD Trailer,14:52 Tue,,MIDIW AM BAND 2 Weekly,44T MIDIW,5594,113,0,01793 610701,,MIDIW,0,0,0
29,1,1,MIDIW,10:11 Tue,10:56 Tue,74,Cheltenham,GL51 9AD,13:00 Tue,15:00 Tue,13:00 Tue,14:06 Tue,01:06,D,,5703,19,4,5,23,1,Store volume,SALT DOUBLE,,,,20:00 Tue,10:49,05:58,413,0,00:00,80.12,00:00,1,1,1,1,10:11 Tue,20:00 Tue,21:00 Tue,MIDIW,MIDIW,10:11 Tue,10:56 Tue,MIDIW,10:56 Tue,DD Trailer,21:00 Tue,,MIDIW AM BAND 4 Weekly,44T MIDIW,5465,0,168,020 8567 6588,,MIDIW,2732,8,15
29,1,2,MIDIW,10:11 Tue,10:56 Tue,74,Cheltenham,GL51 9AD,13:00 Tue,15:00 Tue,14:06 Tue,14:06 Tue,00:00,C,,0,5,0,0,0,4,Salvage,SALT DOUBLE,,,,20:00 Tue,10:49,05:58,413,0,00:00,80.12,00:00,1,1,2,1,10:11 Tue,20:00 Tue,21:00 Tue,MIDIW,MIDIW,10:11 Tue,10:56 Tue,MIDIW,10:56 Tue,DD Trailer,21:00 Tue,,MIDIW AM BAND 4 Weekly,44T MIDIW,5569,69,0,020 8567 6588,,MIDIW,0,0,0
29,1,3,MIDIW,10:11 Tue,10:56 Tue,367,Hereford,HR4 9EZ,13:00 Tue,15:00 Tue,15:22 Tue,17:22 Tue,02:00,D,,7445,19,6,4,25,1,Store volume,SALT DOUBLE,,,,20:00 Tue,10:49,05:58,413,0,00:00,80.12,00:00,1,2,3,2,10:11 Tue,20:00 Tue,21:00 Tue,MIDIW,MIDIW,10:11 Tue,10:56 Tue,MIDIW,10:56 Tue,DD Trailer,21:00 Tue,,MIDIW AM BAND 4 Weekly,44T MIDIW,5531,176,69,,,MIDIW,2153,8,17
30,1,1,MIDIW,10:28 Tue,11:13 Tue,235,Hall Green,B28 8BX,12:30 Tue,14:30 Tue,12:30 Tue,13:52 Tue,01:22,D,,10951,22,9,5,31,1,Store volume,SALT DOUBLE,,,,17:31 Tue,08:02,02:55,204,0,00:00,59.51,00:00,1,1,1,1,10:28 Tue,17:31 Tue,18:31 Tue,MIDIW,MIDIW,10:28 Tue,11:13 Tue,MIDIW,11:13 Tue,DD Trailer,18:31 Tue,,MIDIW AM BAND 4 Weekly,44T MIDIW,5485,0,93,01903 219 121,,MIDIW,3980,11,20
30,1,2,MIDIW,10:28 Tue,11:13 Tue,235,Hall Green,B28 8BX,12:30 Tue,14:30 Tue,13:52 Tue,13:52 Tue,00:00,C,,0,5,0,0,0,4,Salvage,SALT DOUBLE,,,,17:31 Tue,08:02,02:55,204,0,00:00,59.51,00:00,1,1,2,1,10:28 Tue,17:31 Tue,18:31 Tue,MIDIW,MIDIW,10:28 Tue,11:13 Tue,MIDIW,11:13 Tue,DD Trailer,18:31 Tue,,MIDIW AM BAND 4 Weekly,44T MIDIW,5579,6,0,01903 219 121,,MIDIW,0,0,0
30,1,3,MIDIW,10:28 Tue,11:13 Tue,417,Stirchley,B30 2BJ,13:00 Tue,15:00 Tue,14:04 Tue,15:14 Tue,01:10,D,,7662,19,6,5,25,1,Store volume,SALT DOUBLE,,,,17:31 Tue,08:02,02:55,204,0,00:00,59.51,00:00,1,2,3,2,10:28 Tue,17:31 Tue,18:31 Tue,MIDIW,MIDIW,10:28 Tue,11:13 Tue,MIDIW,11:13 Tue,DD Trailer,18:31 Tue,,MIDIW AM BAND 4 Weekly,44T MIDIW,5540,105,6,01283 510722,,MIDIW,3188,8,17
32,1,1,MIDIW,12:00 Tue,12:45 Tue,464,Huntingdon,PE29 7DA,13:00 Tue,15:00 Tue,13:36 Tue,14:44 Tue,01:08,D,,7406,20,4,5,24,1,Store volume,SALT DOUBLE,,,,19:48 Tue,08:48,04:01,260,0,00:00,73.33,00:00,1,1,1,1,12:00 Tue,19:48 Tue,20:48 Tue,MIDIW,MIDIW,12:00 Tue,12:45 Tue,MIDIW,12:45 Tue,DD Trailer,20:48 Tue,,MIDIW PM BAND 1 Weekly,44T MIDIW,5554,76,60,,,MIDIW,2270,10,14
32,1,2,MIDIW,12:00 Tue,12:45 Tue,428,Kings Lynn,PE30 2HY,14:00 Tue,16:00 Tue,15:59 Tue,17:03 Tue,01:04,D,,6905,16,6,4,22,1,Store volume,SALT DOUBLE,,,,19:48 Tue,08:48,04:01,260,0,00:00,73.33,00:00,1,2,2,2,12:00 Tue,19:48 Tue,20:48 Tue,MIDIW,MIDIW,12:00 Tue,12:45 Tue,MIDIW,12:45 Tue,DD Trailer,20:48 Tue,,MIDIW PM BAND 1 Weekly,44T MIDIW,5542,0,76,,,MIDIW,2430,7,15
32,1,3,MIDIW,12:00 Tue,12:45 Tue,428,Kings Lynn,PE30 2HY,14:00 Tue,16:00 Tue,17:03 Tue,17:03 Tue,00:00,C,,0,5,0,0,0,4,Salvage,SALT DOUBLE,,,,19:48 Tue,08:48,04:01,260,0,00:00,73.33,00:00,1,2,3,2,12:00 Tue,19:48 Tue,20:48 Tue,MIDIW,MIDIW,12:00 Tue,12:45 Tue,MIDIW,12:45 Tue,DD Trailer,20:48 Tue,,MIDIW PM BAND 1 Weekly,44T MIDIW,5605,124,0,,,MIDIW,0,0,0
33,1,1,MIDIW,12:00 Tue,12:45 Tue,10011,CONNECTIONS,NN4 7PN,00:01 Tue,23:59 Tue,12:50 Tue,12:50 Tue,00:00,D,CONNECTIONS,0,0,0,0,1,1,Store volume,SALT SINGLE,,,,12:55 Tue,09:29,03:17,230,20,00:28,79.03,00:00,2,1,1,1,12:00 Tue,12:55 Tue,13:25 Tue,MIDIW,MIDIW,12:00 Tue,12:45 Tue,MIDIW,12:45 Tue,SD Trailer,21:29 Tue,,MIDIW PM BAND 1 Weekly,44T MIDIW,5427,1,1,,,MIDIW,0,0,0
33,2,1,MIDIW,12:00 Tue,13:40 Tue,225,Minworth,B76 1FG,14:00 Tue,16:00 Tue,14:47 Tue,15:55 Tue,01:08,D,,7969,17,7,4,24,1,Store volume,SALT DOUBLE,,,,20:29 Tue,09:29,03:17,230,20,00:28,79.03,00:00,2,2,2,1,13:25 Tue,20:29 Tue,21:29 Tue,MIDIW,MIDIW,13:25 Tue,13:40 Tue,MIDIW,13:40 Tue,DD Trailer,21:29 Tue,,MIDIW PM BAND 1 Weekly,44T MIDIW,5478,36,87,020 7511 0291,,MIDIW,2541,9,15
33,2,2,MIDIW,12:00 Tue,13:40 Tue,360,Ashby De La Zouch,LE65 1JS,15:00 Tue,17:00 Tue,16:23 Tue,18:37 Tue,02:14,D,,10974,24,8,4,32,1,Store volume,SALT DOUBLE,,,,20:29 Tue,09:29,03:17,230,20,00:28,79.03,00:00,2,3,3,2,13:25 Tue,20:29 Tue,21:29 Tue,MIDIW,MIDIW,13:25 Tue,13:40 Tue,MIDIW,13:40 Tue,DD Trailer,21:29 Tue,,MIDIW PM BAND 1 Weekly,44T MIDIW,5527,19,36,,,MIDIW,3826,11,21
33,2,3,MIDIW,12:00 Tue,13:40 Tue,278,Loughborough,LE11 1LW,00:01 Tue,23:59 Tue,19:00 Tue,19:20 Tue,00:20,C,,0,20,0,0,0,4,Salvage,SALT DOUBLE,,,,20:29 Tue,09:29,03:17,230,20,00:28,79.03,00:00,2,4,4,3,13:25 Tue,20:29 Tue,21:29 Tue,MIDIW,MIDIW,13:25 Tue,13:40 Tue,MIDIW,13:40 Tue,DD Trailer,21:29 Tue,,MIDIW PM BAND 1 Weekly,44T MIDIW,5619,87,19,01382 456468,,MIDIW,0,0,0
34,1,1,MIDIW,12:33 Tue,13:18 Tue,80,Woking,GU21 2WB,13:00 Tue,15:00 Tue,14:59 Tue,16:11 Tue,01:12,D,,8422,19,7,4,26,1,Store volume,SALT DOUBLE,,,,20:34 Tue,09:01,04:00,281,0,00:00,75.14,00:00,1,1,1,1,12:33 Tue,20:34 Tue,21:34 Tue,MIDIW,MIDIW,12:33 Tue,13:18 Tue,MIDIW,13:18 Tue,DD Trailer,21:34 Tue,,MIDIW PM BAND 1 Weekly,44T MIDIW,5469,0,130,01483 489 801,,MIDIW,3578,10,16
34,1,2,MIDIW,12:33 Tue,13:18 Tue,80,Woking,GU21 2WB,13:00 Tue,15:00 Tue,16:11 Tue,16:11 Tue,00:00,C,,0,5,0,0,0,4,Salvage,SALT DOUBLE,,,,20:34 Tue,09:01,04:00,281,0,00:00,75.14,00:00,1,1,2,1,12:33 Tue,20:34 Tue,21:34 Tue,MIDIW,MIDIW,12:33 Tue,13:18 Tue,MIDIW,13:18 Tue,DD Trailer,21:34 Tue,,MIDIW PM BAND 1 Weekly,44T MIDIW,5570,32,0,01483 489 801,,MIDIW,0,0,0
34,1,3,MIDIW,12:33 Tue,13:18 Tue,405,Twickenham,TW2 5NT,16:00 Tue,18:00 Tue,16:54 Tue,18:58 Tue,02:04,D,,8461,18,9,4,27,1,Store volume,SALT DOUBLE,,,,20:34 Tue,09:01,04:00,281,0,00:00,75.14,00:00,1,2,3,2,12:33 Tue,20:34 Tue,21:34 Tue,MIDIW,MIDIW,12:33 Tue,13:18 Tue,MIDIW,13:18 Tue,DD Trailer,21:34 Tue,,MIDIW PM BAND 1 Weekly,44T MIDIW,5537,0,32,,,MIDIW,2684,8,19
34,1,4,MIDIW,12:33 Tue,13:18 Tue,405,Twickenham,TW2 5NT,16:00 Tue,18:00 Tue,18:58 Tue,18:58 Tue,00:00,C,,0,5,0,0,0,4,Salvage,SALT DOUBLE,,,,20:34 Tue,09:01,04:00,281,0,00:00,75.14,00:00,1,2,4,2,12:33 Tue,20:34 Tue,21:34 Tue,MIDIW,MIDIW,12:33 Tue,13:18 Tue,MIDIW,13:18 Tue,DD Trailer,21:34 Tue,,MIDIW PM BAND 1 Weekly,44T MIDIW,5603,119,0,,,MIDIW,0,0,0
35,1,1,MIDIW,13:45 Tue,14:30 Tue,83,Catford,SE6 4NU,17:00 Tue,20:00 Tue,17:00 Tue,18:40 Tue,01:40,D,,16937,29,11,5,40,1,Store volume,SALT DOUBLE,,,,23:19 Tue,10:34,05:31,291,0,00:00,88.06,00:00,1,1,1,1,13:45 Tue,23:19 Tue,00:19 Wed,MIDIW,MIDIW,13:45 Tue,14:30 Tue,MIDIW,14:30 Tue,DD Trailer,00:19 Wed,,MIDIW PM BAND 1 Weekly,44T MIDIW,5471,0,120,020 8690 9872,,MIDIW,3567,13,27
35,1,2,MIDIW,13:45 Tue,14:30 Tue,83,Catford,SE6 4NU,17:00 Tue,20:00 Tue,18:40 Tue,18:40 Tue,00:00,C,,0,5,0,0,0,4,Salvage,SALT DOUBLE,,,,23:19 Tue,10:34,05:31,291,0,00:00,88.06,00:00,1,1,2,1,13:45 Tue,23:19 Tue,00:19 Wed,MIDIW,MIDIW,13:45 Tue,14:30 Tue,MIDIW,14:30 Tue,DD Trailer,00:19 Wed,,MIDIW PM BAND 1 Weekly,44T MIDIW,5572,19,0,020 8690 9872,,MIDIW,0,0,0
35,1,3,MIDIW,13:45 Tue,14:30 Tue,482,Sutton (New),SM3 9QS,19:00 Tue,21:30 Tue,20:30 Tue,21:18 Tue,00:48,D,,2677,12,2,4,14,1,Store volume,SALT DOUBLE,,,,23:19 Tue,10:34,05:31,291,0,00:00,88.06,00:00,1,2,3,2,13:45 Tue,23:19 Tue,00:19 Wed,MIDIW,MIDIW,13:45 Tue,14:30 Tue,MIDIW,14:30 Tue,DD Trailer,00:19 Wed,,MIDIW PM BAND 1 Weekly,44T MIDIW,5561,152,19,,,MIDIW,1428,4,10
36,1,1,MIDIW,04:05 Tue,04:50 Tue,377,Gloucester,GL2 5DX,07:00 Tue,09:00 Tue,07:05 Tue,08:07 Tue,01:02,D,,4261,16,5,4,21,1,Store volume,SALT DOUBLE,,,,13:01 Tue,09:56,04:43,323,0,00:00,73.58,00:00,1,1,1,1,04:05 Tue,13:01 Tue,14:01 Tue,MIDIW,MIDIW,04:05 Tue,04:50 Tue,MIDIW,04:50 Tue,DD Trailer,14:01 Tue,,MIDIW AM BAND 1 Weekly,44T MIDIW,5534,0,140,,,MIDIW,2034,9,12
36,1,2,MIDIW,04:05 Tue,04:50 Tue,377,Gloucester,GL2 5DX,07:00 Tue,09:00 Tue,08:07 Tue,08:07 Tue,00:00,C,,0,5,0,0,0,4,Salvage,SALT DOUBLE,,,,13:01 Tue,09:56,04:43,323,0,00:00,73.58,00:00,1,1,2,1,04:05 Tue,13:01 Tue,14:01 Tue,MIDIW,MIDIW,04:05 Tue,04:50 Tue,MIDIW,04:50 Tue,DD Trailer,14:01 Tue,,MIDIW AM BAND 1 Weekly,44T MIDIW,5601,49,0,,,MIDIW,0,0,0
36,1,3,MIDIW,04:05 Tue,04:50 Tue,406,Worcester,WR5 1HE,07:30 Tue,09:30 Tue,08:51 Tue,11:17 Tue,02:26,D,,14777,27,11,5,38,1,Store volume,SALT DOUBLE,,,,13:01 Tue,09:56,04:43,323,0,00:00,73.58,00:00,1,2,3,2,04:05 Tue,13:01 Tue,14:01 Tue,MIDIW,MIDIW,04:05 Tue,04:50 Tue,MIDIW,04:50 Tue,DD Trailer,14:01 Tue,,MIDIW AM BAND 1 Weekly,44T MIDIW,5538,134,49,,,MIDIW,3341,12,26
37,1,1,MIDIW,09:46 Tue,10:31 Tue,10032,PHILLIPS LIGHTING,NN4 5EZ,00:01 Tue,23:59 Tue,10:37 Tue,10:57 Tue,00:20,C,Collection Date -09/08/2016,5000,60,0,0,0,1,Store volume,SALT DOUBLE,745005 / ZD34433 / ZD34432/ ZD34431,Kamila Janusz - 1604748356,Kamila.Janusz@uk.yusen-logistics.com,11:03 Tue,09:05,02:55,216,110,01:25,67.28,00:00,2,1,1,1,09:46 Tue,11:03 Tue,11:33 Tue,MIDIW,MIDIW,09:46 Tue,10:31 Tue,MIDIW,10:31 Tue,DD Trailer,18:51 Tue,,MIDIW AM BAND 3 Weekly,44T MIDIW,5448,6,5,,,MIDIW,0,0,0
37,2,1,MIDIW,09:46 Tue,11:48 Tue,334,Perry Bar,B42 2ET,13:00 Tue,15:00 Tue,13:03 Tue,14:21 Tue,01:18,D,,7641,21,8,6,29,1,Store volume,SALT DOUBLE,,,,17:51 Tue,09:05,02:55,216,110,01:25,67.28,00:00,2,2,2,1,11:33 Tue,17:51 Tue,18:51 Tue,MIDIW,MIDIW,11:33 Tue,11:48 Tue,MIDIW,11:48 Tue,DD Trailer,18:51 Tue,,MIDIW AM BAND 3 Weekly,44T MIDIW,5515,5,95,,,MIDIW,2572,12,17
37,2,2,MIDIW,09:46 Tue,11:48 Tue,216,Handsworth,B21 0LL,14:30 Tue,16:30 Tue,14:30 Tue,16:32 Tue,02:02,D,,10285,18,8,4,26,1,Store volume,SALT DOUBLE,,,,17:51 Tue,09:05,02:55,216,110,01:25,67.28,00:00,2,3,3,2,11:33 Tue,17:51 Tue,18:51 Tue,MIDIW,MIDIW,11:33 Tue,11:48 Tue,MIDIW,11:48 Tue,DD Trailer,18:51 Tue,,MIDIW AM BAND 3 Weekly,44T MIDIW,5476,104,5,01142 781100,,MIDIW,2672,10,16
38,1,1,WAKEIW,04:45 Tue,05:30 Tue,231,Stoke,ST4 2HT,07:30 Tue,09:30 Tue,07:30 Tue,08:36 Tue,01:06,D,,5714,19,4,4,23,1,Store volume,WAKE DOUBLE,,,,15:12 Tue,11:27,05:52,429,0,00:00,84.81,00:00,1,1,1,1,04:45 Tue,15:12 Tue,16:12 Tue,WAKEIW,WAKEIW,04:45 Tue,05:30 Tue,WAKEIW,05:30 Tue,DD Trailer,16:12 Tue,,WAKEIW AM BAND 1 Weekly,44T WAKEIW,5483,0,158,01782 747661,,WAKEIW,2383,10,13
38,1,2,WAKEIW,04:45 Tue,05:30 Tue,231,Stoke,ST4 2HT,07:30 Tue,09:30 Tue,08:36 Tue,08:36 Tue,00:00,C,,0,5,0,0,0,4,Salvage,WAKE DOUBLE,,,,15:12 Tue,11:27,05:52,429,0,00:00,84.81,00:00,1,1,2,1,04:45 Tue,15:12 Tue,16:12 Tue,WAKEIW,WAKEIW,04:45 Tue,05:30 Tue,WAKEIW,05:30 Tue,DD Trailer,16:12 Tue,,WAKEIW AM BAND 1 Weekly,44T WAKEIW,5578,67,0,01782 747661,,WAKEIW,0,0,0
38,1,3,WAKEIW,04:45 Tue,05:30 Tue,308,Wrexham,LL13 8DE,07:30 Tue,09:30 Tue,09:45 Tue,12:09 Tue,02:24,D,,15011,27,10,6,37,1,Store volume,WAKE DOUBLE,,,,15:12 Tue,11:27,05:52,429,0,00:00,84.81,00:00,1,2,3,2,04:45 Tue,15:12 Tue,16:12 Tue,WAKEIW,WAKEIW,04:45 Tue,05:30 Tue,WAKEIW,05:30 Tue,DD Trailer,16:12 Tue,,WAKEIW AM BAND 1 Weekly,44T WAKEIW,5503,174,67,01978 314538,,WAKEIW,2703,14,23
38,1,4,WAKEIW,04:45 Tue,05:30 Tue,10027,KINGSPAN (TITAN),S75 5NH,00:01 Tue,23:59 Tue,14:22 Tue,14:42 Tue,00:20,C,Collection Date -09/08/2016,5000,9,0,0,0,1,Store volume,WAKE DOUBLE,,,,15:12 Tue,11:27,05:52,429,0,00:00,84.81,00:00,1,3,4,3,04:45 Tue,15:12 Tue,16:12 Tue,WAKEIW,WAKEIW,04:45 Tue,05:30 Tue,WAKEIW,05:30 Tue,DD Trailer,16:12 Tue,,WAKEIW AM BAND 1 Weekly,44T WAKEIW,5453,31,174,,,WAKEIW,0,0,0
39,1,1,WAKEIW,04:56 Tue,05:41 Tue,366,Glossop,,07:00 Tue,09:00 Tue,07:00 Tue,08:06 Tue,01:06,D,,5652,15,8,4,23,1,Store volume,WAKE DOUBLE,,,,13:47 Tue,09:52,04:45,334,0,00:00,73.09,00:00,1,1,1,1,04:56 Tue,13:47 Tue,14:47 Tue,WAKEIW,WAKEIW,04:56 Tue,05:41 Tue,WAKEIW,05:41 Tue,DD Trailer,14:47 Tue,,WAKEIW AM BAND 1 Weekly,44T WAKEIW,5530,91,93,,,WAKEIW,2632,7,16
39,1,2,WAKEIW,04:56 Tue,05:41 Tue,276,Aintree,L9 5AE,08:30 Tue,10:30 Tue,09:29 Tue,11:25 Tue,01:56,D,,8298,18,5,4,23,1,Store volume,WAKE DOUBLE,,,,13:47 Tue,09:52,04:45,334,0,00:00,73.09,00:00,1,2,2,2,04:56 Tue,13:47 Tue,14:47 Tue,WAKEIW,WAKEIW,04:56 Tue,05:41 Tue,WAKEIW,05:41 Tue,DD Trailer,14:47 Tue,,WAKEIW AM BAND 1 Weekly,44T WAKEIW,5497,0,91,0151 5240108,,WAKEIW,1712,10,13
39,1,3,WAKEIW,04:56 Tue,05:41 Tue,276,Aintree,L9 5AE,08:30 Tue,10:30 Tue,11:25 Tue,11:25 Tue,00:00,C,,0,5,0,0,0,4,Salvage,WAKE DOUBLE,,,,13:47 Tue,09:52,04:45,334,0,00:00,73.09,00:00,1,2,3,2,04:56 Tue,13:47 Tue,14:47 Tue,WAKEIW,WAKEIW,04:56 Tue,05:41 Tue,WAKEIW,05:41 Tue,DD Trailer,14:47 Tue,,WAKEIW AM BAND 1 Weekly,44T WAKEIW,5585,29,0,0151 5240108,,WAKEIW,0,0,0
39,1,4,WAKEIW,04:56 Tue,05:41 Tue,10041,RUBEROID APPLEY,WN6 9AB,00:01 Tue,23:59 Tue,11:53 Tue,12:13 Tue,00:20,C,Collection Date -09/08/2016,24000,22,0,0,0,1,Store volume,WAKE DOUBLE,po 744781,angela - 01257255771,aoleary@ikogroup.co.uk,13:47 Tue,09:52,04:45,334,0,00:00,73.09,00:00,1,3,4,3,04:56 Tue,13:47 Tue,14:47 Tue,WAKEIW,WAKEIW,04:56 Tue,05:41 Tue,WAKEIW,05:41 Tue,DD Trailer,14:47 Tue,,WAKEIW AM BAND 1 Weekly,44T WAKEIW,5436,121,29,,,WAKEIW,0,0,0
40,1,1,WAKEIW,04:56 Tue,05:41 Tue,355,Boston,PE21 8QN,07:00 Tue,09:00 Tue,07:39 Tue,08:39 Tue,01:00,D,,5144,16,4,4,20,1,Store volume,WAKE DOUBLE,,,,13:40 Tue,09:44,04:47,341,0,00:00,72.1,00:00,1,1,1,1,04:56 Tue,13:40 Tue,14:40 Tue,WAKEIW,WAKEIW,04:56 Tue,05:41 Tue,WAKEIW,05:41 Tue,DD Trailer,14:40 Tue,,WAKEIW AM BAND 1 Weekly,44T WAKEIW,5525,0,146,,,WAKEIW,2278,8,12
40,1,2,WAKEIW,04:56 Tue,05:41 Tue,355,Boston,PE21 8QN,07:00 Tue,09:00 Tue,08:39 Tue,08:39 Tue,00:00,C,,0,5,0,0,0,4,Salvage,WAKE DOUBLE,,,,13:40 Tue,09:44,04:47,341,0,00:00,72.1,00:00,1,1,2,1,04:56 Tue,13:40 Tue,14:40 Tue,WAKEIW,WAKEIW,04:56 Tue,05:41 Tue,WAKEIW,05:41 Tue,DD Trailer,14:40 Tue,,WAKEIW AM BAND 1 Weekly,44T WAKEIW,5598,49,0,,,WAKEIW,0,0,0
40,1,3,WAKEIW,04:56 Tue,05:41 Tue,443,Grantham,NG31 9HX,09:30 Tue,11:30 Tue,09:30 Tue,11:22 Tue,01:52,D,,4869,15,6,4,21,1,Store volume,WAKE DOUBLE,,,,13:40 Tue,09:44,04:47,341,0,00:00,72.1,00:00,1,2,3,2,04:56 Tue,13:40 Tue,14:40 Tue,WAKEIW,WAKEIW,04:56 Tue,05:41 Tue,WAKEIW,05:41 Tue,DD Trailer,14:40 Tue,,WAKEIW AM BAND 1 Weekly,44T WAKEIW,5547,130,49,,,WAKEIW,2061,7,14
40,1,4,WAKEIW,04:56 Tue,05:41 Tue,10020,GOWER,LS27 0LH,00:01 Tue,23:59 Tue,13:03 Tue,13:23 Tue,00:20,C,Collection Date -09/08/2016,5000,36,0,0,0,1,Store volume,WAKE DOUBLE,"744,723",VICKI - 0113 2013416,LS27U9@nobia.com,13:40 Tue,09:44,04:47,341,0,00:00,72.1,00:00,1,3,4,3,04:56 Tue,13:40 Tue,14:40 Tue,WAKEIW,WAKEIW,04:56 Tue,05:41 Tue,WAKEIW,05:41 Tue,DD Trailer,14:40 Tue,,WAKEIW AM BAND 1 Weekly,44T WAKEIW,5431,16,130,,,WAKEIW,0,0,0
41,1,1,WAKEIW,06:07 Tue,06:52 Tue,364,Bulwell,NG6 9AJ,08:15 Tue,10:15 Tue,08:15 Tue,09:49 Tue,01:34,D,LOAD 1 of 2,26050,23,14,5,37,1,Store volume,WAKE DOUBLE,,,,11:12 Tue,11:20,04:46,333,61,00:54,83.95,00:00,2,1,1,1,06:07 Tue,11:12 Tue,12:32 Tue,WAKEIW,WAKEIW,06:07 Tue,06:52 Tue,WAKEIW,06:52 Tue,DD Trailer,17:27 Tue,,WAKEIW AM BAND 2 Weekly,44T WAKEIW,5528,0,103,,,WAKEIW,3944,12,25
41,1,2,WAKEIW,06:07 Tue,06:52 Tue,364,Bulwell,NG6 9AJ,08:15 Tue,10:15 Tue,09:49 Tue,09:49 Tue,00:00,C,,0,5,0,0,0,4,Salvage,WAKE DOUBLE,,,,11:12 Tue,11:20,04:46,333,61,00:54,83.95,00:00,2,1,2,1,06:07 Tue,11:12 Tue,12:32 Tue,WAKEIW,WAKEIW,06:07 Tue,06:52 Tue,WAKEIW,06:52 Tue,DD Trailer,17:27 Tue,,WAKEIW AM BAND 2 Weekly,44T WAKEIW,5599,104,0,,,WAKEIW,0,0,0
41,2,1,WAKEIW,06:07 Tue,12:47 Tue,247,Barnsley,S71 1LS,11:45 Tue,13:45 Tue,13:20 Tue,14:40 Tue,01:20,D,,9428,22,8,4,30,1,Store volume,WAKE SINGLE,,,,16:27 Tue,11:20,04:46,333,61,00:54,83.95,00:00,2,2,3,1,12:32 Tue,16:27 Tue,17:27 Tue,WAKEIW,WAKEIW,12:32 Tue,12:47 Tue,WAKEIW,12:47 Tue,SD Trailer,17:27 Tue,,WAKEIW AM BAND 2 Weekly,44T WAKEIW,5487,61,24,01273 207 766,,WAKEIW,3478,9,21
41,2,2,WAKEIW,06:07 Tue,12:47 Tue,10048,VENCEL,DN14 7EA,00:01 Tue,23:59 Tue,15:34 Tue,15:54 Tue,00:20,C,Collection Date -09/08/2016,24000,2,0,0,0,1,Store volume,WAKE SINGLE,PO743265,Gary - 1430436215,gary.bird@jablite.co.uk,16:27 Tue,11:20,04:46,333,61,00:54,83.95,00:00,2,3,4,2,12:32 Tue,16:27 Tue,17:27 Tue,WAKEIW,WAKEIW,12:32 Tue,12:47 Tue,WAKEIW,12:47 Tue,SD Trailer,17:27 Tue,,WAKEIW AM BAND 2 Weekly,44T WAKEIW,5447,41,61,,,WAKEIW,0,0,0
42,1,1,WAKEIW,06:00 Tue,06:45 Tue,434,Worksop,S80 1UJ,07:30 Tue,09:30 Tue,07:41 Tue,08:39 Tue,00:58,D,,3913,16,3,4,19,1,Store volume,WAKE DOUBLE,,,,13:56 Tue,08:56,04:05,291,0,00:00,66.17,00:00,1,1,1,1,06:00 Tue,13:56 Tue,14:56 Tue,WAKEIW,WAKEIW,06:00 Tue,06:45 Tue,WAKEIW,06:45 Tue,DD Trailer,14:56 Tue,,WAKEIW AM BAND 2 Weekly,44T WAKEIW,5544,0,68,,,WAKEIW,1589,8,11
42,1,2,WAKEIW,06:00 Tue,06:45 Tue,434,Worksop,S80 1UJ,07:30 Tue,09:30 Tue,08:39 Tue,08:39 Tue,00:00,C,,0,5,0,0,0,4,Salvage,WAKE DOUBLE,,,,13:56 Tue,08:56,04:05,291,0,00:00,66.17,00:00,1,1,2,1,06:00 Tue,13:56 Tue,14:56 Tue,WAKEIW,WAKEIW,06:00 Tue,06:45 Tue,WAKEIW,06:45 Tue,DD Trailer,14:56 Tue,,WAKEIW AM BAND 2 Weekly,44T WAKEIW,5606,26,0,,,WAKEIW,0,0,0
42,1,3,WAKEIW,06:00 Tue,06:45 Tue,368,Mansfield,NG19 7AP,08:30 Tue,10:30 Tue,09:11 Tue,10:09 Tue,00:58,D,,4855,15,4,4,19,1,Store volume,WAKE DOUBLE,,,,13:56 Tue,08:56,04:05,291,0,00:00,66.17,00:00,1,2,3,2,06:00 Tue,13:56 Tue,14:56 Tue,WAKEIW,WAKEIW,06:00 Tue,06:45 Tue,WAKEIW,06:45 Tue,DD Trailer,14:56 Tue,,WAKEIW AM BAND 2 Weekly,44T WAKEIW,5532,136,26,,,WAKEIW,1524,5,14
42,1,4,WAKEIW,06:00 Tue,06:45 Tue,10005,BOSTICK DALTON,YO7 3HE,00:01 Tue,23:59 Tue,12:45 Tue,13:05 Tue,00:20,C,Collection Date -09/08/2016,5000,21,0,0,0,1,Store volume,WAKE DOUBLE,744997 & 745043 745124,Sheelagh Wain - 1785272670,sheelagh.wain@bostik.com,13:56 Tue,08:56,04:05,291,0,00:00,66.17,00:00,1,3,4,3,06:00 Tue,13:56 Tue,14:56 Tue,WAKEIW,WAKEIW,06:00 Tue,06:45 Tue,WAKEIW,06:45 Tue,DD Trailer,14:56 Tue,,WAKEIW AM BAND 2 Weekly,44T WAKEIW,5434,61,136,,,WAKEIW,0,0,0
43,1,1,WAKEIW,05:42 Tue,06:27 Tue,79,Derby,DE24 8WA,08:00 Tue,10:00 Tue,08:00 Tue,09:20 Tue,01:20,D,,10375,25,5,4,30,1,Store volume,WAKE DOUBLE,,,,13:47 Tue,09:05,03:50,268,112,01:32,67.28,00:00,1,1,1,1,05:42 Tue,13:47 Tue,14:47 Tue,WAKEIW,WAKEIW,05:42 Tue,06:27 Tue,WAKEIW,06:27 Tue,DD Trailer,14:47 Tue,,WAKEIW AM BAND 1 Weekly,44T WAKEIW,5468,26,114,01332 754424,,WAKEIW,3078,10,20
43,1,2,WAKEIW,05:42 Tue,06:27 Tue,71,Nottingham Central,NG2 1GW,09:00 Tue,11:00 Tue,09:49 Tue,10:49 Tue,01:00,D,,5478,15,5,4,20,1,Store volume,WAKE DOUBLE,,,,13:47 Tue,09:05,03:50,268,112,01:32,67.28,00:00,1,2,2,2,05:42 Tue,13:47 Tue,14:47 Tue,WAKEIW,WAKEIW,05:42 Tue,06:27 Tue,WAKEIW,06:27 Tue,DD Trailer,14:47 Tue,,WAKEIW AM BAND 1 Weekly,44T WAKEIW,5462,112,26,020 8590 1116,,WAKEIW,1630,8,12
43,1,3,WAKEIW,05:42 Tue,06:27 Tue,10020,GOWER,LS27 0LH,00:01 Tue,23:59 Tue,13:11 Tue,13:31 Tue,00:20,C,Collection Date -09/08/2016,5000,36,0,0,0,1,Store volume,WAKE DOUBLE,"744,724",VICKI - 0113 2013416,LS27U9@nobia.com,13:47 Tue,09:05,03:50,268,112,01:32,67.28,00:00,1,3,3,3,05:42 Tue,13:47 Tue,14:47 Tue,WAKEIW,WAKEIW,05:42 Tue,06:27 Tue,WAKEIW,06:27 Tue,DD Trailer,14:47 Tue,,WAKEIW AM BAND 1 Weekly,44T WAKEIW,5432,16,112,,,WAKEIW,0,0,0
44,1,1,WAKEIW,07:59 Tue,08:44 Tue,468,Sheffield Crystal Peaks,S20 7JJ,09:00 Tue,11:00 Tue,09:35 Tue,10:43 Tue,01:08,D,,6655,20,4,4,24,1,Store volume,WAKE DOUBLE,,,,14:38 Tue,07:39,02:07,135,0,00:00,56.67,00:03,1,1,1,1,07:59 Tue,14:38 Tue,15:38 Tue,WAKEIW,WAKEIW,07:59 Tue,08:44 Tue,WAKEIW,08:44 Tue,DD Trailer,15:38 Tue,,WAKEIW AM BAND 2 Weekly,44T WAKEIW,5556,12,61,,,WAKEIW,3337,7,17
44,1,2,WAKEIW,07:59 Tue,08:44 Tue,412,Sheffield North,S3 8DQ,11:00 Tue,13:00 Tue,11:00 Tue,12:26 Tue,01:26,D,,13607,26,7,6,33,1,Store volume,WAKE DOUBLE,,,,14:38 Tue,07:39,02:07,135,0,00:00,56.67,00:03,1,2,2,2,07:59 Tue,14:38 Tue,15:38 Tue,WAKEIW,WAKEIW,07:59 Tue,08:44 Tue,WAKEIW,08:44 Tue,DD Trailer,15:38 Tue,,WAKEIW AM BAND 2 Weekly,44T WAKEIW,5539,0,12,,,WAKEIW,3398,13,20
44,1,3,WAKEIW,07:59 Tue,08:44 Tue,412,Sheffield North,S3 8DQ,11:00 Tue,13:00 Tue,12:26 Tue,12:26 Tue,00:00,C,,0,5,0,0,0,4,Salvage,WAKE DOUBLE,,,,14:38 Tue,07:39,02:07,135,0,00:00,56.67,00:03,1,2,3,2,07:59 Tue,14:38 Tue,15:38 Tue,WAKEIW,WAKEIW,07:59 Tue,08:44 Tue,WAKEIW,08:44 Tue,DD Trailer,15:38 Tue,,WAKEIW AM BAND 2 Weekly,44T WAKEIW,5604,47,0,,,WAKEIW,0,0,0
44,1,4,WAKEIW,07:59 Tue,08:44 Tue,10020,GOWER,LS27 0LH,00:01 Tue,23:59 Tue,13:12 Tue,14:22 Tue,01:10,C,Collection Date -09/08/2016,5000,36,0,0,0,1,Store volume,WAKE DOUBLE,744725,VICKI - 0113 2013416,LS27U9@nobia.com,14:38 Tue,07:39,02:07,135,0,00:00,56.67,00:03,1,3,4,3,07:59 Tue,14:38 Tue,15:38 Tue,WAKEIW,WAKEIW,07:59 Tue,08:44 Tue,WAKEIW,08:44 Tue,DD Trailer,15:38 Tue,,WAKEIW AM BAND 2 Weekly,44T WAKEIW,5433,16,47,,,WAKEIW,0,0,0
45,1,1,WAKEIW,05:59 Tue,06:44 Tue,61,Lincoln,LN2 4HU,09:30 Tue,11:30 Tue,09:30 Tue,10:34 Tue,01:04,D,,6039,16,6,4,22,1,Store volume,WAKE DOUBLE,,,,15:18 Tue,10:19,04:15,279,0,00:00,76.42,01:21,1,1,1,1,05:59 Tue,15:18 Tue,16:18 Tue,WAKEIW,WAKEIW,05:59 Tue,06:44 Tue,WAKEIW,06:44 Tue,DD Trailer,16:18 Tue,,WAKEIW AM BAND 1 Weekly,44T WAKEIW,5458,0,100,01522 539539,,WAKEIW,2469,9,13
45,1,2,WAKEIW,05:59 Tue,06:44 Tue,61,Lincoln,LN2 4HU,09:30 Tue,11:30 Tue,10:34 Tue,10:34 Tue,00:00,C,,0,5,0,0,0,4,Salvage,WAKE DOUBLE,,,,15:18 Tue,10:19,04:15,279,0,00:00,76.42,01:21,1,1,2,1,05:59 Tue,15:18 Tue,16:18 Tue,WAKEIW,WAKEIW,05:59 Tue,06:44 Tue,WAKEIW,06:44 Tue,DD Trailer,16:18 Tue,,WAKEIW AM BAND 1 Weekly,44T WAKEIW,5567,80,0,01522 539539,,WAKEIW,0,0,0
45,1,3,WAKEIW,05:59 Tue,06:44 Tue,53,Hull,HU7 0DP,12:30 Tue,14:30 Tue,12:44 Tue,13:48 Tue,01:04,D,,6360,18,4,4,22,1,Store volume,WAKE DOUBLE,,,,15:18 Tue,10:19,04:15,279,0,00:00,76.42,01:21,1,2,3,2,05:59 Tue,15:18 Tue,16:18 Tue,WAKEIW,WAKEIW,05:59 Tue,06:44 Tue,WAKEIW,06:44 Tue,DD Trailer,16:18 Tue,,WAKEIW AM BAND 1 Weekly,44T WAKEIW,5457,12,80,01482 839575,,WAKEIW,2095,8,14
45,1,4,WAKEIW,05:59 Tue,06:44 Tue,10054,BARTOLINE (FILLERS),HU17 0LA,00:01 Tue,23:59 Tue,14:06 Tue,14:06 Tue,00:00,C,Collection Date -09/08/2016,5000,21,0,0,0,1,Store volume,WAKE DOUBLE,745000,Maggie Muller - 01482 678724,S.Control@bartoline.co.uk,15:18 Tue,10:19,04:15,279,0,00:00,76.42,01:21,1,3,4,3,05:59 Tue,15:18 Tue,16:18 Tue,WAKEIW,WAKEIW,05:59 Tue,06:44 Tue,WAKEIW,06:44 Tue,DD Trailer,16:18 Tue,,WAKEIW AM BAND 1 Weekly,44T WAKEIW,5437,87,12,,,WAKEIW,0,0,0
46,1,1,WAKEIW,07:33 Tue,08:18 Tue,459,Winsford,CW7 3DB,08:00 Tue,10:00 Tue,10:00 Tue,11:04 Tue,01:04,D,,5148,15,7,4,22,1,Store volume,WAKE DOUBLE,,,,17:50 Tue,11:17,04:55,352,71,01:01,83.58,01:19,1,1,1,1,07:33 Tue,17:50 Tue,18:50 Tue,WAKEIW,WAKEIW,07:33 Tue,08:18 Tue,WAKEIW,08:18 Tue,DD Trailer,18:50 Tue,,WAKEIW AM BAND 2 Weekly,44T WAKEIW,5552,30,130,,,WAKEIW,2650,8,14
46,1,2,WAKEIW,07:33 Tue,08:18 Tue,262,Chester,,13:00 Tue,15:00 Tue,13:00 Tue,14:54 Tue,01:54,D,,4762,16,6,4,22,1,Store volume,WAKE DOUBLE,,,,17:50 Tue,11:17,04:55,352,71,01:01,83.58,01:19,1,2,2,2,07:33 Tue,17:50 Tue,18:50 Tue,WAKEIW,WAKEIW,07:33 Tue,08:18 Tue,WAKEIW,08:18 Tue,DD Trailer,18:50 Tue,,WAKEIW AM BAND 2 Weekly,44T WAKEIW,5492,71,30,01843 866 512,,WAKEIW,1503,8,14
46,1,3,WAKEIW,07:33 Tue,08:18 Tue,10041,RUBEROID APPLEY,WN6 9AB,00:01 Tue,23:59 Tue,15:55 Tue,16:15 Tue,00:20,C,Collection Date -09/08/2016,24000,22,0,0,0,1,Store volume,WAKE DOUBLE,po744779,angela - 01257255771,aoleary@ikogroup.co.uk,17:50 Tue,11:17,04:55,352,71,01:01,83.58,01:19,1,3,3,3,07:33 Tue,17:50 Tue,18:50 Tue,WAKEIW,WAKEIW,07:33 Tue,08:18 Tue,WAKEIW,08:18 Tue,DD Trailer,18:50 Tue,,WAKEIW AM BAND 2 Weekly,44T WAKEIW,5435,121,71,,,WAKEIW,0,0,0
47,1,1,WAKEIW,10:51 Tue,11:36 Tue,348,Newcastle,NE5 2SF,13:45 Tue,15:45 Tue,13:45 Tue,14:53 Tue,01:08,D,,7041,17,7,4,24,1,Store volume,WAKE DOUBLE,,,,19:15 Tue,09:24,04:33,347,0,00:00,69.63,00:00,1,1,1,1,10:51 Tue,19:15 Tue,20:15 Tue,WAKEIW,WAKEIW,10:51 Tue,11:36 Tue,WAKEIW,11:36 Tue,DD Trailer,20:15 Tue,,WAKEIW AM BAND 4 Weekly,44T WAKEIW,5522,0,171,,,WAKEIW,2082,10,14
47,1,2,WAKEIW,10:51 Tue,11:36 Tue,348,Newcastle,NE5 2SF,13:45 Tue,15:45 Tue,14:53 Tue,14:53 Tue,00:00,C,,0,5,0,0,0,4,Salvage,WAKE DOUBLE,,,,19:15 Tue,09:24,04:33,347,0,00:00,69.63,00:00,1,1,2,1,10:51 Tue,19:15 Tue,20:15 Tue,WAKEIW,WAKEIW,10:51 Tue,11:36 Tue,WAKEIW,11:36 Tue,DD Trailer,20:15 Tue,,WAKEIW AM BAND 4 Weekly,44T WAKEIW,5596,13,0,,,WAKEIW,0,0,0
47,1,3,WAKEIW,10:51 Tue,11:36 Tue,229,Wallsend,NE28 9NT,13:30 Tue,15:30 Tue,15:11 Tue,16:19 Tue,01:08,D,,8499,17,7,4,24,1,Store volume,WAKE DOUBLE,,,,19:15 Tue,09:24,04:33,347,0,00:00,69.63,00:00,1,2,3,2,10:51 Tue,19:15 Tue,20:15 Tue,WAKEIW,WAKEIW,10:51 Tue,11:36 Tue,WAKEIW,11:36 Tue,DD Trailer,20:15 Tue,,WAKEIW AM BAND 4 Weekly,44T WAKEIW,5481,0,13,020 8543 6971,,WAKEIW,2164,9,15
47,1,4,WAKEIW,10:51 Tue,11:36 Tue,229,Wallsend,NE28 9NT,13:30 Tue,15:30 Tue,16:19 Tue,16:19 Tue,00:00,C,,0,5,0,0,0,4,Salvage,WAKE DOUBLE,,,,19:15 Tue,09:24,04:33,347,0,00:00,69.63,00:00,1,2,4,2,10:51 Tue,19:15 Tue,20:15 Tue,WAKEIW,WAKEIW,10:51 Tue,11:36 Tue,WAKEIW,11:36 Tue,DD Trailer,20:15 Tue,,WAKEIW AM BAND 4 Weekly,44T WAKEIW,5577,162,0,020 8543 6971,,WAKEIW,0,0,0
48,1,1,WAKEIW,12:00 Tue,12:45 Tue,455,Tunstall,ST6 5NZ,14:30 Tue,16:30 Tue,14:39 Tue,15:47 Tue,01:08,D,,9521,20,4,5,24,1,Store volume,WAKE DOUBLE,,,,19:48 Tue,08:48,04:05,314,0,00:00,73.33,00:00,1,1,1,1,12:00 Tue,19:48 Tue,20:48 Tue,WAKEIW,WAKEIW,12:00 Tue,12:45 Tue,WAKEIW,12:45 Tue,DD Trailer,20:48 Tue,,WAKEIW PM BAND 1 Weekly,44T WAKEIW,5550,0,151,,,WAKEIW,3091,10,14
48,1,2,WAKEIW,12:00 Tue,12:45 Tue,455,Tunstall,ST6 5NZ,14:30 Tue,16:30 Tue,15:47 Tue,15:47 Tue,00:00,C,,0,5,0,0,0,4,Salvage,WAKE DOUBLE,,,,19:48 Tue,08:48,04:05,314,0,00:00,73.33,00:00,1,1,2,1,12:00 Tue,19:48 Tue,20:48 Tue,WAKEIW,WAKEIW,12:00 Tue,12:45 Tue,WAKEIW,12:45 Tue,DD Trailer,20:48 Tue,,WAKEIW PM BAND 1 Weekly,44T WAKEIW,5608,19,0,,,WAKEIW,0,0,0
48,1,3,WAKEIW,12:00 Tue,12:45 Tue,250,Crewe,CW2 7BB,16:00 Tue,18:00 Tue,16:08 Tue,17:08 Tue,01:00,D,,3289,16,4,5,20,1,Store volume,WAKE DOUBLE,,,,19:48 Tue,08:48,04:05,314,0,00:00,73.33,00:00,1,2,3,2,12:00 Tue,19:48 Tue,20:48 Tue,WAKEIW,WAKEIW,12:00 Tue,12:45 Tue,WAKEIW,12:45 Tue,DD Trailer,20:48 Tue,,WAKEIW PM BAND 1 Weekly,44T WAKEIW,5488,144,19,01245 462 442,,WAKEIW,1500,8,12
49,1,1,WAKEIW,13:11 Tue,13:56 Tue,239,Doncaster,DN2 6AZ,13:00 Tue,15:00 Tue,14:32 Tue,15:48 Tue,01:16,D,,8375,23,5,4,28,1,Store volume,WAKE DOUBLE,,,,18:10 Tue,10:03,04:35,330,94,01:14,83.75,00:00,2,1,1,1,13:11 Tue,18:10 Tue,18:40 Tue,WAKEIW,WAKEIW,13:11 Tue,13:56 Tue,WAKEIW,13:56 Tue,DD Trailer,23:14 Tue,,WAKEIW PM BAND 1 Weekly,44T WAKEIW,5486,0,40,01302 367867,,WAKEIW,2568,11,17
49,1,2,WAKEIW,13:11 Tue,13:56 Tue,239,Doncaster,DN2 6AZ,13:00 Tue,15:00 Tue,15:48 Tue,15:48 Tue,00:00,C,,0,5,0,0,0,4,Salvage,WAKE DOUBLE,,,,18:10 Tue,10:03,04:35,330,94,01:14,83.75,00:00,2,1,2,1,13:11 Tue,18:10 Tue,18:40 Tue,WAKEIW,WAKEIW,13:11 Tue,13:56 Tue,WAKEIW,13:56 Tue,DD Trailer,23:14 Tue,,WAKEIW PM BAND 1 Weekly,44T WAKEIW,5580,38,0,01302 367867,,WAKEIW,0,0,0
49,1,3,WAKEIW,13:11 Tue,13:56 Tue,97,Sheffield,S3 7UW,15:00 Tue,17:00 Tue,16:23 Tue,17:15 Tue,00:52,D,,3211,12,4,3,16,1,Store volume,WAKE DOUBLE,,,,18:10 Tue,10:03,04:35,330,94,01:14,83.75,00:00,2,2,3,2,13:11 Tue,18:10 Tue,18:40 Tue,WAKEIW,WAKEIW,13:11 Tue,13:56 Tue,WAKEIW,13:56 Tue,DD Trailer,23:14 Tue,,WAKEIW PM BAND 1 Weekly,44T WAKEIW,5473,56,38,020 8800 9966,,WAKEIW,1848,6,10
49,2,1,WAKEIW,13:11 Tue,19:45 Tue,BARCL,BARTON TRAILER SWAP,BARTON,00:01 Tue,23:59 Tue,21:00 Tue,21:00 Tue,00:00,D,BARTON C/O,0,0,0,0,40,1,Store volume,WAKE DOUBLE,,,,22:14 Tue,10:03,04:35,330,94,01:14,83.75,00:00,2,3,4,1,19:30 Tue,22:14 Tue,23:14 Tue,WAKEIW,WAKEIW,19:30 Tue,19:45 Tue,WAKEIW,19:45 Tue,DD Trailer,23:14 Tue,,WAKEIW PM BAND 1 Weekly,44T WAKEIW,5426,94,101,,,,0,0,0
50,1,1,WAKEIW,12:37 Tue,13:22 Tue,283,Chesterfield,S40 2AB,14:30 Tue,16:30 Tue,14:30 Tue,15:38 Tue,01:08,D,,7247,18,6,4,24,1,Store volume,WAKE DOUBLE,,,,19:43 Tue,08:06,03:07,223,0,00:00,67.5,00:00,1,1,1,1,12:37 Tue,19:43 Tue,20:43 Tue,WAKEIW,WAKEIW,12:37 Tue,13:22 Tue,WAKEIW,13:22 Tue,DD Trailer,20:43 Tue,,WAKEIW PM BAND 1 Weekly,44T WAKEIW,5499,43,84,01484 518295,,WAKEIW,2887,8,16
50,1,2,WAKEIW,12:37 Tue,13:22 Tue,257,Nottingham North,NG5 6HP,15:30 Tue,17:30 Tue,16:18 Tue,17:34 Tue,01:16,D,,11651,23,5,4,28,1,Store volume,WAKE DOUBLE,,,,19:43 Tue,08:06,03:07,223,0,00:00,67.5,00:00,1,2,2,2,12:37 Tue,19:43 Tue,20:43 Tue,WAKEIW,WAKEIW,12:37 Tue,13:22 Tue,WAKEIW,13:22 Tue,DD Trailer,20:43 Tue,,WAKEIW PM BAND 1 Weekly,44T WAKEIW,5490,0,43,01302 367867,,WAKEIW,3901,8,20
50,1,3,WAKEIW,12:37 Tue,13:22 Tue,257,Nottingham North,NG5 6HP,15:30 Tue,17:30 Tue,17:34 Tue,17:34 Tue,00:00,C,,0,5,0,0,0,4,Salvage,WAKE DOUBLE,,,,19:43 Tue,08:06,03:07,223,0,00:00,67.5,00:00,1,2,3,2,12:37 Tue,19:43 Tue,20:43 Tue,WAKEIW,WAKEIW,12:37 Tue,13:22 Tue,WAKEIW,13:22 Tue,DD Trailer,20:43 Tue,,WAKEIW PM BAND 1 Weekly,44T WAKEIW,5582,96,0,01302 367867,,WAKEIW,0,0,0
51,1,1,BELOB,05:50 Tue,06:20 Tue,295,Inverness,IV1 1SD,09:00 Tue,11:00 Tue,09:52 Tue,10:35 Tue,00:43,D,,6705,17,6,4,23,1,Store volume,BELLS DOUBLE,,,,15:44 Tue,10:24,07:13,548,0,00:00,77.04,00:00,1,1,1,1,05:50 Tue,15:44 Tue,16:14 Tue,BELOB,BELOB,05:50 Tue,06:20 Tue,BELOB,06:20 Tue,DD Trailer,16:14 Tue,,BELOB AM Weekly,44T BELOB,5501,0,272,01463 717235,,BELOB,1666,9,14
51,1,2,BELOB,05:50 Tue,06:20 Tue,295,Inverness,IV1 1SD,09:00 Tue,11:00 Tue,10:35 Tue,10:35 Tue,00:00,C,,0,5,0,0,0,4,Salvage,BELLS DOUBLE,,,,15:44 Tue,10:24,07:13,548,0,00:00,77.04,00:00,1,1,2,1,05:50 Tue,15:44 Tue,16:14 Tue,BELOB,BELOB,05:50 Tue,06:20 Tue,BELOB,06:20 Tue,DD Trailer,16:14 Tue,,BELOB AM Weekly,44T BELOB,5587,233,0,01463 717235,,BELOB,0,0,0
51,1,3,BELOB,05:50 Tue,06:20 Tue,282,Stirling,FK7 7TL,14:30 Tue,16:30 Tue,14:30 Tue,15:08 Tue,00:38,D,,4531,14,4,4,18,1,Store volume,BELLS DOUBLE,,,,15:44 Tue,10:24,07:13,548,0,00:00,77.04,00:00,1,2,3,2,05:50 Tue,15:44 Tue,16:14 Tue,BELOB,BELOB,05:50 Tue,06:20 Tue,BELOB,06:20 Tue,DD Trailer,16:14 Tue,,BELOB AM Weekly,44T BELOB,5498,43,233,01244 370941,,BELOB,1799,7,11
52,1,1,MIDIW,12:00 Tue,12:45 Tue,460,Rushden,NN10 6BT,13:00 Tue,15:00 Tue,13:04 Tue,14:08 Tue,01:04,D,,6617,15,7,4,22,1,Store volume,SALT DOUBLE,,,,18:21 Tue,08:37,02:36,176,71,01:01,71.81,00:00,2,1,1,1,12:00 Tue,18:21 Tue,18:51 Tue,MIDIW,MIDIW,12:00 Tue,12:45 Tue,MIDIW,12:45 Tue,DD Trailer,20:37 Tue,,MIDIW PM BAND 1 Weekly,44T MIDIW,5553,82,22,,,MIDIW,2947,8,14
52,1,2,MIDIW,12:00 Tue,12:45 Tue,452,Nuneaton,CV10 0AD,14:30 Tue,16:30 Tue,15:19 Tue,16:35 Tue,01:16,D,,11802,20,8,4,28,1,Store volume,SALT DOUBLE,,,,18:21 Tue,08:37,02:36,176,71,01:01,71.81,00:00,2,2,2,2,12:00 Tue,18:21 Tue,18:51 Tue,MIDIW,MIDIW,12:00 Tue,12:45 Tue,MIDIW,12:45 Tue,DD Trailer,20:37 Tue,,MIDIW PM BAND 1 Weekly,44T MIDIW,5549,70,82,,,MIDIW,4246,10,18
52,2,1,MIDIW,12:00 Tue,19:06 Tue,10011,CONNECTIONS,NN4 7PN,00:01 Tue,23:59 Tue,19:11 Tue,19:32 Tue,00:21,C,CONNECTIONS,0,0,0,0,1,1,Store volume,SALT SINGLE,,,,19:37 Tue,08:37,02:36,176,71,01:01,71.81,00:00,2,3,3,1,18:51 Tue,19:37 Tue,20:37 Tue,MIDIW,MIDIW,18:51 Tue,19:06 Tue,MIDIW,19:06 Tue,SD Trailer,20:37 Tue,,MIDIW PM BAND 1 Weekly,44T MIDIW,5428,1,1,,,MIDIW,0,0,0
53,1,1,CAROB,04:43 Tue,05:13 Tue,353,Haverford West,SA61 2PY,07:30 Tue,09:30 Tue,07:30 Tue,08:36 Tue,01:06,D,,5774,18,5,4,23,1,Store volume,CAROB DOUBLE,,,,12:07 Tue,07:53,04:37,325,0,00:00,58.4,00:00,1,1,1,1,04:43 Tue,12:07 Tue,12:37 Tue,CAROB,CAROB,04:43 Tue,05:13 Tue,CAROB,05:13 Tue,DD Trailer,12:37 Tue,,CAROB AM Weekly,44T CAROB,5524,0,162,,,CAROB,2538,8,15
53,1,2,CAROB,04:43 Tue,05:13 Tue,353,Haverford West,SA61 2PY,07:30 Tue,09:30 Tue,08:36 Tue,08:36 Tue,00:00,C,,0,5,0,0,0,4,Salvage,CAROB DOUBLE,,,,12:07 Tue,07:53,04:37,325,0,00:00,58.4,00:00,1,1,2,1,04:43 Tue,12:07 Tue,12:37 Tue,CAROB,CAROB,04:43 Tue,05:13 Tue,CAROB,05:13 Tue,DD Trailer,12:37 Tue,,CAROB AM Weekly,44T CAROB,5597,155,0,,,CAROB,0,0,0
53,1,3,CAROB,04:43 Tue,05:13 Tue,10050,WESTERN CORK,CF11 8YN,00:01 Tue,23:59 Tue,11:28 Tue,11:48 Tue,00:20,C,Collection Date -09/08/2016,24000,48,0,0,0,1,Store volume,CAROB DOUBLE,744759/744758,Ian - 2920376700,Transport@westcodiy.co.uk,12:07 Tue,07:53,04:37,325,0,00:00,58.4,00:00,1,2,3,2,04:43 Tue,12:07 Tue,12:37 Tue,CAROB,CAROB,04:43 Tue,05:13 Tue,CAROB,05:13 Tue,DD Trailer,12:37 Tue,,CAROB AM Weekly,44T CAROB,5439,8,155,,,MIDIW,0,0,0
54,1,1,MIDIW,05:23 Tue,06:08 Tue,220,Redditch,B98 8DU,07:30 Tue,09:30 Tue,07:30 Tue,08:42 Tue,01:12,D,,8623,17,9,4,26,1,Store volume,SALT DOUBLE,,,,15:06 Tue,10:44,05:13,381,0,00:00,79.51,00:00,1,1,1,1,05:23 Tue,15:06 Tue,16:06 Tue,MIDIW,MIDIW,05:23 Tue,06:08 Tue,MIDIW,06:08 Tue,DD Trailer,16:06 Tue,,MIDIW AM BAND 1 Weekly,44T MIDIW,5477,0,109,01527 595688,,MIDIW,2539,7,19
54,1,2,MIDIW,05:23 Tue,06:08 Tue,220,Redditch,B98 8DU,07:30 Tue,09:30 Tue,08:42 Tue,08:42 Tue,00:00,C,,0,5,0,0,0,4,Salvage,SALT DOUBLE,,,,15:06 Tue,10:44,05:13,381,0,00:00,79.51,00:00,1,1,2,1,05:23 Tue,15:06 Tue,16:06 Tue,MIDIW,MIDIW,05:23 Tue,06:08 Tue,MIDIW,06:08 Tue,DD Trailer,16:06 Tue,,MIDIW AM BAND 1 Weekly,44T MIDIW,5574,49,0,01527 595688,,MIDIW,0,0,0
54,1,3,MIDIW,05:23 Tue,06:08 Tue,437,Wolverhampton,WV10 6HT,08:00 Tue,10:00 Tue,09:31 Tue,11:45 Tue,02:14,D,,13795,20,12,5,32,1,Store volume,SALT DOUBLE,,,,15:06 Tue,10:44,05:13,381,0,00:00,79.51,00:00,1,2,3,2,05:23 Tue,15:06 Tue,16:06 Tue,MIDIW,MIDIW,05:23 Tue,06:08 Tue,MIDIW,06:08 Tue,DD Trailer,16:06 Tue,,MIDIW AM BAND 1 Weekly,44T MIDIW,5546,58,49,,,MIDIW,3428,8,24
54,1,4,MIDIW,05:23 Tue,06:08 Tue,10022,H & R Johnson (Stoke),ST6 5JZ,00:01 Tue,23:59 Tue,12:42 Tue,13:02 Tue,00:20,C,Collection Date -09/08/2016,24000,28,0,0,0,1,Store volume,SALT DOUBLE,744908,Sue Lear - 1782524063,Slear@johnson-tiles.com,15:06 Tue,10:44,05:13,381,0,00:00,79.51,00:00,1,3,4,3,05:23 Tue,15:06 Tue,16:06 Tue,MIDIW,MIDIW,05:23 Tue,06:08 Tue,MIDIW,06:08 Tue,DD Trailer,16:06 Tue,,MIDIW AM BAND 1 Weekly,44T MIDIW,5441,166,58,,,MIDIW,0,0,0
55,1,1,MIDIW,05:02 Tue,05:47 Tue,299,Stafford,ST16 2QY,07:30 Tue,09:30 Tue,07:30 Tue,08:28 Tue,00:58,D,,4127,15,4,4,19,1,Store volume,SALT DOUBLE,,,,12:42 Tue,08:41,03:48,268,0,00:00,64.32,00:00,1,1,1,1,05:02 Tue,12:42 Tue,13:42 Tue,MIDIW,MIDIW,05:02 Tue,05:47 Tue,MIDIW,05:47 Tue,DD Trailer,13:42 Tue,,MIDIW AM BAND 1 Weekly,44T MIDIW,5502,0,133,01785 242833,,MIDIW,2130,8,11
55,1,2,MIDIW,05:02 Tue,05:47 Tue,299,Stafford,ST16 2QY,07:30 Tue,09:30 Tue,08:28 Tue,08:28 Tue,00:00,C,,0,5,0,0,0,4,Salvage,SALT DOUBLE,,,,12:42 Tue,08:41,03:48,268,0,00:00,64.32,00:00,1,1,2,1,05:02 Tue,12:42 Tue,13:42 Tue,MIDIW,MIDIW,05:02 Tue,05:47 Tue,MIDIW,05:47 Tue,DD Trailer,13:42 Tue,,MIDIW AM BAND 1 Weekly,44T MIDIW,5588,71,0,01785 242833,,MIDIW,0,0,0
55,1,3,MIDIW,05:02 Tue,05:47 Tue,458,Hinckley,LE10 0GL,08:00 Tue,10:00 Tue,09:35 Tue,11:45 Tue,02:10,D,,15153,21,9,5,30,1,Store volume,SALT DOUBLE,,,,12:42 Tue,08:41,03:48,268,0,00:00,64.32,00:00,1,2,3,2,05:02 Tue,12:42 Tue,13:42 Tue,MIDIW,MIDIW,05:02 Tue,05:47 Tue,MIDIW,05:47 Tue,DD Trailer,13:42 Tue,,MIDIW AM BAND 1 Weekly,44T MIDIW,5551,64,71,,,MIDIW,3073,9,21
56,1,1,WAKEIW,08:00 Tue,08:45 Tue,65,Rotherham,S60 2XL,09:00 Tue,11:00 Tue,09:32 Tue,10:52 Tue,01:20,D,,10276,25,5,4,30,1,Store volume,WAKE DOUBLE,,,,16:16 Tue,09:16,03:53,282,49,00:44,68.64,00:00,1,1,1,1,08:00 Tue,16:16 Tue,17:16 Tue,WAKEIW,WAKEIW,08:00 Tue,08:45 Tue,WAKEIW,08:45 Tue,DD Trailer,17:16 Tue,,WAKEIW AM BAND 3 Weekly,44T WAKEIW,5460,46,58,01709 374971,,WAKEIW,4098,13,17
56,1,2,WAKEIW,08:00 Tue,08:45 Tue,67,Sutton in Ashfield,NG17 5EF,09:30 Tue,11:30 Tue,11:32 Tue,12:40 Tue,01:08,D,,7227,19,5,4,24,1,Store volume,WAKE DOUBLE,,,,16:16 Tue,09:16,03:53,282,49,00:44,68.64,00:00,1,2,2,2,08:00 Tue,16:16 Tue,17:16 Tue,WAKEIW,WAKEIW,08:00 Tue,08:45 Tue,WAKEIW,08:45 Tue,DD Trailer,17:16 Tue,,WAKEIW AM BAND 3 Weekly,44T WAKEIW,5461,49,46,01623 517515,,WAKEIW,2242,9,15
56,1,3,WAKEIW,08:00 Tue,08:45 Tue,10025,HOMELUX,DE6 1HA,00:01 Tue,23:59 Tue,13:24 Tue,14:34 Tue,01:10,C,Collection Date -09/08/2016,5000,20,0,0,0,1,Store volume,WAKE DOUBLE,745133 745120 745123 744333 745127 744338 743196 744337 744336 745132,TRACY BROWN - 1335340222,TRACY.BROWN@NENPLAS.CO.UK,16:16 Tue,09:16,03:53,282,49,00:44,68.64,00:00,1,3,3,3,08:00 Tue,16:16 Tue,17:16 Tue,WAKEIW,WAKEIW,08:00 Tue,08:45 Tue,WAKEIW,08:45 Tue,DD Trailer,17:16 Tue,,WAKEIW AM BAND 3 Weekly,44T WAKEIW,5445,128,49,,,WAKEIW,0,0,0
57,1,1,MIDIW,19:42 Tue,20:27 Tue,322,Edmonton,N18 3HA,22:00 Tue,23:59 Tue,22:00 Tue,23:28 Tue,01:28,D,LOAD 1 of 2,15978,16,18,2,34,1,Store volume,SALT DOUBLE,,,,01:01 Wed,07:09,03:06,221,0,00:00,71.5,00:00,1,1,1,1,19:42 Tue,01:01 Wed,02:51 Wed,MIDIW,MIDIW,19:42 Tue,20:27 Tue,MIDIW,20:27 Tue,DD Trailer,02:51 Wed,,MIDIW PM BAND 4 Weekly,44T MIDIW,5509,0,110,,,MIDIW,4933,15,53
57,1,2,MIDIW,19:42 Tue,20:27 Tue,322,Edmonton,N18 3HA,22:00 Tue,23:59 Tue,23:28 Tue,23:28 Tue,00:00,C,,0,5,0,0,0,4,Salvage,SALT DOUBLE,,,,01:01 Wed,07:09,03:06,221,0,00:00,71.5,00:00,1,1,2,1,19:42 Tue,01:01 Wed,02:51 Wed,MIDIW,MIDIW,19:42 Tue,20:27 Tue,MIDIW,20:27 Tue,DD Trailer,02:51 Wed,,MIDIW PM BAND 4 Weekly,44T MIDIW,5591,110,0,,,MIDIW,0,0,0
1000,1,1,DEVHDC,08:00 Tue,08:30 Tue,EXEHDC1,EXETER 1,EX2 8LG,00:01 Tue,23:59 Tue,10:59 Tue,12:59 Tue,02:00,D,HDC DEVIZES to EXETER,0,0,0,0,26,1,Store volume,DEVHDC SINGLE,BC TILES,,,17:30 Tue,10:00,05:24,370,22,00:17,74.07,00:00,1,1,1,1,08:00 Tue,17:30 Tue,18:00 Tue,DEVHDC,DEVHDC,08:00 Tue,08:30 Tue,DEVHDC,08:30 Tue,SD Trailer,18:00 Tue,,DEVHDC AM Weekly,44T DEVHDC,5344,22,167,,,MIDIW,0,0,0
1000,1,2,DEVHDC,08:00 Tue,08:30 Tue,10002,B C Tiles,TQ12 6RF,00:01 Tue,23:59 Tue,13:16 Tue,14:52 Tue,01:36,C,HDC DEVIZES to EXETER,0,0,0,0,26,1,Store volume,DEVHDC SINGLE,BC TILES,,,17:30 Tue,10:00,05:24,370,22,00:17,74.07,00:00,1,2,2,2,08:00 Tue,17:30 Tue,18:00 Tue,DEVHDC,DEVHDC,08:00 Tue,08:30 Tue,DEVHDC,08:30 Tue,SD Trailer,18:00 Tue,,DEVHDC AM Weekly,44T DEVHDC,5345,181,22,,,EXEOB,0,0,0
1001,1,1,MIDIW,07:00 Tue,07:45 Tue,NORHDC,Northampton HDC,NN4 7JE,00:01 Tue,23:59 Tue,07:50 Tue,08:10 Tue,00:20,C,HDC BURNTWOOD,0,0,0,0,1,1,Store volume,SALT SINGLE,,,,11:39 Tue,11:08,05:38,437,0,00:00,82.47,00:00,2,1,1,1,07:00 Tue,11:39 Tue,12:09 Tue,MIDIW,MIDIW,07:00 Tue,07:45 Tue,MIDIW,07:45 Tue,SD Trailer,18:08 Tue,,MIDIW AM BAND 2 Weekly,44T MIDIW,5346,109,1,,,MIDIW,0,0,0
1001,1,2,MIDIW,07:00 Tue,07:45 Tue,BURHDC1,BURNTWOOD 1,WS7 3JG,00:01 Tue,23:59 Tue,09:32 Tue,10:17 Tue,00:45,D,HDC BURNTWOOD,0,0,0,0,26,1,Store volume,SALT SINGLE,,,,11:39 Tue,11:08,05:38,437,0,00:00,82.47,00:00,2,2,2,2,07:00 Tue,11:39 Tue,12:09 Tue,MIDIW,MIDIW,07:00 Tue,07:45 Tue,MIDIW,07:45 Tue,SD Trailer,18:08 Tue,,MIDIW AM BAND 2 Weekly,44T MIDIW,5347,108,109,,,MIDIW,0,0,0
1001,2,1,MIDIW,07:00 Tue,12:24 Tue,NORHDC,Northampton HDC,NN4 7JE,00:01 Tue,23:59 Tue,12:29 Tue,13:39 Tue,01:10,C,HDC BURNTWOOD,0,0,0,0,1,1,Store volume,SALT SINGLE,,,,17:08 Tue,11:08,05:38,437,0,00:00,82.47,00:00,2,3,3,1,12:09 Tue,17:08 Tue,18:08 Tue,MIDIW,MIDIW,12:09 Tue,12:24 Tue,MIDIW,12:24 Tue,SD Trailer,18:08 Tue,,MIDIW AM BAND 2 Weekly,44T MIDIW,5348,109,1,,,MIDIW,0,0,0
1001,2,2,MIDIW,07:00 Tue,12:24 Tue,BURHDC3,BURNTWOOD 3,WS7 3JG,00:01 Tue,23:59 Tue,15:01 Tue,15:46 Tue,00:45,D,HDC BURNTWOOD,0,0,0,0,26,1,Store volume,SALT SINGLE,,,,17:08 Tue,11:08,05:38,437,0,00:00,82.47,00:00,2,4,4,2,12:09 Tue,17:08 Tue,18:08 Tue,MIDIW,MIDIW,12:09 Tue,12:24 Tue,MIDIW,12:24 Tue,SD Trailer,18:08 Tue,,MIDIW AM BAND 2 Weekly,44T MIDIW,5349,108,109,,,MIDIW,0,0,0
1002,1,1,MIDIW,05:00 Tue,05:45 Tue,NORHDCSHUNT,HDC SHUNTING,NN4 7JE,00:01 Tue,23:59 Tue,05:50 Tue,09:50 Tue,04:00,C,SHUNTING THEN HDC BURNTWOOD,0,0,0,0,1,1,Store volume,SALT SINGLE,,,,14:09 Tue,10:09,02:49,218,0,00:00,75.19,00:00,1,1,1,1,05:00 Tue,14:09 Tue,15:09 Tue,MIDIW,MIDIW,05:00 Tue,05:45 Tue,MIDIW,05:45 Tue,SD Trailer,15:09 Tue,,MIDIW AM BAND 1 Weekly,44T MIDIW,5350,109,1,,,,0,0,0
1002,1,2,MIDIW,05:00 Tue,05:45 Tue,BURHDC2,BURNTWOOD 2,WS7 3JG,00:01 Tue,23:59 Tue,12:02 Tue,12:47 Tue,00:45,D,SHUNTING THEN HDC BURNTWOOD,0,0,0,0,26,1,Store volume,SALT SINGLE,,,,14:09 Tue,10:09,02:49,218,0,00:00,75.19,00:00,1,2,2,2,05:00 Tue,14:09 Tue,15:09 Tue,MIDIW,MIDIW,05:00 Tue,05:45 Tue,MIDIW,05:45 Tue,SD Trailer,15:09 Tue,,MIDIW AM BAND 1 Weekly,44T MIDIW,5351,108,109,,,MIDIW,0,0,0
1004,1,1,MIDIW,04:05 Tue,04:50 Tue,NORHDC,Northampton HDC,NN4 7JE,00:01 Tue,23:59 Tue,04:55 Tue,05:15 Tue,00:20,C,HDC CRAWLEY 1,0,0,0,0,1,1,Store volume,SALT SINGLE,,,,11:30 Tue,08:25,04:45,336,0,00:00,62.35,00:00,1,1,1,1,04:05 Tue,11:30 Tue,12:30 Tue,MIDIW,MIDIW,04:05 Tue,04:50 Tue,MIDIW,04:50 Tue,SD Trailer,12:30 Tue,,MIDIW AM BAND 1 Weekly,44T MIDIW,5353,164,1,,,MIDIW,0,0,0
1004,1,2,MIDIW,04:05 Tue,04:50 Tue,CRAHDC1,CRAWLEY 1,RH11 0PQ,00:01 Tue,23:59 Tue,07:34 Tue,08:19 Tue,00:45,D,HDC CRAWLEY 1,0,0,0,0,26,1,Store volume,SALT SINGLE,,,,11:30 Tue,08:25,04:45,336,0,00:00,62.35,00:00,1,2,2,2,04:05 Tue,11:30 Tue,12:30 Tue,MIDIW,MIDIW,04:05 Tue,04:50 Tue,MIDIW,04:50 Tue,SD Trailer,12:30 Tue,,MIDIW AM BAND 1 Weekly,44T MIDIW,5354,171,164,,,MIDIW,0,0,0
1005,1,1,MIDIW,05:00 Tue,05:45 Tue,NORHDC,Northampton HDC,NN4 7JE,00:01 Tue,23:59 Tue,05:50 Tue,06:10 Tue,00:20,C,HDC CRAWLEY 2,0,0,0,0,1,1,Store volume,SALT SINGLE,,,,12:19 Tue,08:19,04:39,336,0,00:00,61.6,00:00,1,1,1,1,05:00 Tue,12:19 Tue,13:19 Tue,MIDIW,MIDIW,05:00 Tue,05:45 Tue,MIDIW,05:45 Tue,SD Trailer,13:19 Tue,,MIDIW AM BAND 1 Weekly,44T MIDIW,5355,164,1,,,MIDIW,0,0,0
1005,1,2,MIDIW,05:00 Tue,05:45 Tue,CRAHDC2,CRAWLEY 2,RH11 0PQ,00:01 Tue,23:59 Tue,08:39 Tue,09:24 Tue,00:45,D,HDC CRAWLEY 2,0,0,0,0,26,1,Store volume,SALT SINGLE,,,,12:19 Tue,08:19,04:39,336,0,00:00,61.6,00:00,1,2,2,2,05:00 Tue,12:19 Tue,13:19 Tue,MIDIW,MIDIW,05:00 Tue,05:45 Tue,MIDIW,05:45 Tue,SD Trailer,13:19 Tue,,MIDIW AM BAND 1 Weekly,44T MIDIW,5356,171,164,,,MIDIW,0,0,0
1006,1,1,MIDIW,13:00 Tue,13:45 Tue,NORHDC,Northampton HDC,NN4 7JE,00:01 Tue,23:59 Tue,13:50 Tue,14:05 Tue,00:15,C,HDC CRAWLEY 3,0,0,0,0,1,1,Store volume,SALT SINGLE,,,,20:14 Tue,10:29,05:34,376,0,00:00,87.36,00:00,2,1,1,1,13:00 Tue,20:14 Tue,20:44 Tue,MIDIW,MIDIW,13:00 Tue,13:45 Tue,MIDIW,13:45 Tue,SD Trailer,23:29 Tue,,MIDIW PM BAND 1 Weekly,44T MIDIW,5359,164,1,,,MIDIW,0,0,0
1006,1,2,MIDIW,13:00 Tue,13:45 Tue,CRAHDC3,CRAWLEY 3,RH11 0PQ,00:01 Tue,23:59 Tue,16:11 Tue,16:56 Tue,00:45,D,HDC CRAWLEY 3,0,0,0,0,26,1,Store volume,SALT SINGLE,,,,20:14 Tue,10:29,05:34,376,0,00:00,87.36,00:00,2,2,2,2,13:00 Tue,20:14 Tue,20:44 Tue,MIDIW,MIDIW,13:00 Tue,13:45 Tue,MIDIW,13:45 Tue,SD Trailer,23:29 Tue,,MIDIW PM BAND 1 Weekly,44T MIDIW,5360,171,164,,,MIDIW,0,0,0
1006,2,1,MIDIW,13:00 Tue,20:59 Tue,NORHDC,Northampton HDC,NN4 7JE,00:01 Tue,23:59 Tue,21:04 Tue,21:19 Tue,00:15,C,NETHER HDC,0,0,0,0,1,1,Store volume,SALT SINGLE,,,,22:29 Tue,10:29,05:34,376,0,00:00,87.36,00:00,2,3,3,1,20:44 Tue,22:29 Tue,23:29 Tue,MIDIW,MIDIW,20:44 Tue,20:59 Tue,MIDIW,20:59 Tue,SD Trailer,23:29 Tue,,MIDIW PM BAND 1 Weekly,44T MIDIW,5361,19,1,,,MIDIW,0,0,0
1006,2,2,MIDIW,13:00 Tue,20:59 Tue,NETHDC,NETHERHDC,NN7 3LB,00:01 Tue,23:59 Tue,21:39 Tue,21:59 Tue,00:20,D,NETHER HDC,0,0,0,0,26,1,Store volume,SALT SINGLE,,,,22:29 Tue,10:29,05:34,376,0,00:00,87.36,00:00,2,4,4,2,20:44 Tue,22:29 Tue,23:29 Tue,MIDIW,MIDIW,20:44 Tue,20:59 Tue,MIDIW,20:59 Tue,SD Trailer,23:29 Tue,,MIDIW PM BAND 1 Weekly,44T MIDIW,5362,19,19,,,MIDIW,0,0,0
1007,1,1,MIDIW,14:00 Tue,14:45 Tue,NORHDC,Northampton HDC,NN4 7JE,00:01 Tue,23:59 Tue,14:50 Tue,15:05 Tue,00:15,C,NETHER HDC,0,0,0,0,1,1,Store volume,SALT SINGLE,,,,16:05 Tue,09:58,05:28,376,0,00:00,99.67,00:00,2,1,1,1,14:00 Tue,16:05 Tue,16:35 Tue,MIDIW,MIDIW,14:00 Tue,14:45 Tue,MIDIW,14:45 Tue,SD Trailer,23:58 Tue,,MIDIW PM BAND 2 Weekly,44T MIDIW,5363,19,1,,,MIDIW,0,0,0
1007,1,2,MIDIW,14:00 Tue,14:45 Tue,NETHDC,NETHERHDC,NN7 3LB,00:01 Tue,23:59 Tue,15:25 Tue,15:35 Tue,00:10,D,NETHER HDC,0,0,0,0,26,1,Store volume,SALT SINGLE,,,,16:05 Tue,09:58,05:28,376,0,00:00,99.67,00:00,2,2,2,2,14:00 Tue,16:05 Tue,16:35 Tue,MIDIW,MIDIW,14:00 Tue,14:45 Tue,MIDIW,14:45 Tue,SD Trailer,23:58 Tue,,MIDIW PM BAND 2 Weekly,44T MIDIW,5364,19,19,,,MIDIW,0,0,0
1007,2,1,MIDIW,14:00 Tue,16:50 Tue,NORHDC,Northampton HDC,NN4 7JE,00:01 Tue,23:59 Tue,16:55 Tue,17:10 Tue,00:15,C,HDC CRAWLEY 4,0,0,0,0,1,1,Store volume,SALT SINGLE,,,,22:58 Tue,09:58,05:28,376,0,00:00,99.67,00:00,2,3,3,1,16:35 Tue,22:58 Tue,23:58 Tue,MIDIW,MIDIW,16:35 Tue,16:50 Tue,MIDIW,16:50 Tue,SD Trailer,23:58 Tue,,MIDIW PM BAND 2 Weekly,44T MIDIW,5365,164,1,,,MIDIW,0,0,0
1007,2,2,MIDIW,14:00 Tue,16:50 Tue,CRAHDC4,CRAWLEY 4,RH11 0PQ,00:01 Tue,23:59 Tue,20:23 Tue,20:53 Tue,00:30,D,HDC CRAWLEY 4,0,0,0,0,26,1,Store volume,SALT SINGLE,,,,22:58 Tue,09:58,05:28,376,0,00:00,99.67,00:00,2,4,4,2,16:35 Tue,22:58 Tue,23:58 Tue,MIDIW,MIDIW,16:35 Tue,16:50 Tue,MIDIW,16:50 Tue,SD Trailer,23:58 Tue,,MIDIW PM BAND 2 Weekly,44T MIDIW,5366,171,164,,,MIDIW,0,0,0
1008,1,1,MIDIW,20:00 Tue,20:45 Tue,NORHDC,Northampton HDC,NN4 7JE,00:01 Tue,23:59 Tue,20:50 Tue,21:05 Tue,00:15,C,HDC CRAWLEY 5,0,0,0,0,1,1,Store volume,SALT SINGLE,,,,02:50 Wed,07:50,04:15,336,0,00:00,78.33,00:00,1,1,1,1,20:00 Tue,02:50 Wed,03:50 Wed,MIDIW,MIDIW,20:00 Tue,20:45 Tue,MIDIW,20:45 Tue,SD Trailer,03:50 Wed,,MIDIW PM BAND 5 Weekly,44T MIDIW,5367,164,1,,,MIDIW,0,0,0
1008,1,2,MIDIW,20:00 Tue,20:45 Tue,CRAHDC5,CRAWLEY 5,RH11 0PQ,00:01 Tue,23:59 Tue,23:11 Tue,23:56 Tue,00:45,D,HDC CRAWLEY 5,0,0,0,0,26,1,Store volume,SALT SINGLE,,,,02:50 Wed,07:50,04:15,336,0,00:00,78.33,00:00,1,2,2,2,20:00 Tue,02:50 Wed,03:50 Wed,MIDIW,MIDIW,20:00 Tue,20:45 Tue,MIDIW,20:45 Tue,SD Trailer,03:50 Wed,,MIDIW PM BAND 5 Weekly,44T MIDIW,5368,171,164,,,MIDIW,0,0,0
1009,1,1,MIDIW,22:00 Tue,22:45 Tue,NORHDC,Northampton HDC,NN4 7JE,00:01 Tue,23:59 Tue,22:50 Tue,23:10 Tue,00:20,C,HDC CRAWLEY 6,0,0,0,0,1,1,Store volume,SALT SINGLE,,,,04:55 Wed,07:55,04:15,336,0,00:00,79.17,00:00,1,1,1,1,22:00 Tue,04:55 Wed,05:55 Wed,MIDIW,MIDIW,22:00 Tue,22:45 Tue,MIDIW,22:45 Tue,SD Trailer,05:55 Wed,,MIDIW NIGHT BAND 1 Weekly,44T MIDIW,5371,164,1,,,MIDIW,0,0,0
1009,1,2,MIDIW,22:00 Tue,22:45 Tue,CRAHDC6,CRAWLEY 6,RH11 0PQ,00:01 Wed,23:59 Wed,01:16 Wed,02:01 Wed,00:45,D,HDC CRAWLEY 6,0,0,0,0,26,1,Store volume,SALT SINGLE,,,,04:55 Wed,07:55,04:15,336,0,00:00,79.17,00:00,1,2,2,2,22:00 Tue,04:55 Wed,05:55 Wed,MIDIW,MIDIW,22:00 Tue,22:45 Tue,MIDIW,22:45 Tue,SD Trailer,05:55 Wed,,MIDIW NIGHT BAND 1 Weekly,44T MIDIW,5372,171,164,,,WAKEIW,0,0,0
1010,1,1,WAKEIW,21:00 Tue,21:45 Tue,COUHDC1,COUNDON 1,DL14 8PS,00:01 Tue,23:59 Tue,23:31 Tue,01:31 Wed,02:00,D,HDC WAKEFIELD COUNDON,0,0,0,0,26,1,Store volume,WAKE SINGLE,,,,04:07 Wed,08:07,03:32,261,127,01:46,81.17,00:00,1,1,1,1,21:00 Tue,04:07 Wed,05:07 Wed,WAKEIW,WAKEIW,21:00 Tue,21:45 Tue,WAKEIW,21:45 Tue,SD Trailer,05:07 Wed,,WAKEIW PM BAND 5 Weekly,44T WAKEIW,5373,127,134,,,WAKEIW,0,0,0
1011,1,1,DEVHDC,22:00 Tue,22:30 Tue,NORHDC,Northampton HDC,NN4 7JE,00:01 Wed,23:59 Wed,00:40 Wed,01:00 Wed,00:20,C,HDC DEVIZES 1,0,0,0,0,26,1,Store volume,DEVHDC SINGLE,,,,04:02 Wed,06:32,04:22,292,143,02:10,65.33,00:00,1,1,1,1,22:00 Tue,04:02 Wed,04:32 Wed,DEVHDC,DEVHDC,22:00 Tue,22:30 Tue,DEVHDC,22:30 Tue,SD Trailer,04:32 Wed,,DEVHDC NIGHT Weekly,44T DEVHDC,5374,149,143,,,MIDIW,0,0,0
1012,1,1,MIDIW,02:00 Tue,02:45 Tue,NORHDC,Northampton HDC,NN4 7JE,00:01 Tue,23:59 Tue,02:50 Tue,03:10 Tue,00:20,C,HDC DEVIZES 2,0,0,0,0,1,1,Store volume,SALT SINGLE,,,,10:23 Tue,09:23,04:28,293,0,00:00,93.83,00:00,1,1,1,1,02:00 Tue,10:23 Tue,11:23 Tue,MIDIW,MIDIW,02:00 Tue,02:45 Tue,MIDIW,02:45 Tue,SD Trailer,11:23 Tue,,MIDIW NIGHT BAND 3 Weekly,44T MIDIW,5375,149,1,,,MIDIW,0,0,0
1012,1,2,MIDIW,02:00 Tue,02:45 Tue,DEVHDC2,DEVIZES 2,SN10 2HT,00:01 Tue,23:59 Tue,05:22 Tue,07:22 Tue,02:00,D,HDC DEVIZES 2,0,0,0,0,26,1,Store volume,SALT SINGLE,,,,10:23 Tue,09:23,04:28,293,0,00:00,93.83,00:00,1,2,2,2,02:00 Tue,10:23 Tue,11:23 Tue,MIDIW,MIDIW,02:00 Tue,02:45 Tue,MIDIW,02:45 Tue,SD Trailer,11:23 Tue,,MIDIW NIGHT BAND 3 Weekly,44T MIDIW,5376,143,149,,,MIDIW,0,0,0
1013,1,1,MIDIW,05:00 Tue,05:45 Tue,NORHDC,Northampton HDC,NN4 7JE,00:01 Tue,23:59 Tue,05:50 Tue,06:10 Tue,00:20,C,HDC DEVIZES to EXETER,0,0,0,0,1,1,Store volume,SALT SINGLE,,,,13:23 Tue,09:23,04:28,293,0,00:00,69.51,00:00,1,1,1,1,05:00 Tue,13:23 Tue,14:23 Tue,MIDIW,MIDIW,05:00 Tue,05:45 Tue,MIDIW,05:45 Tue,SD Trailer,14:23 Tue,,MIDIW AM BAND 1 Weekly,44T MIDIW,5377,149,1,,,MIDIW,0,0,0
1013,1,2,MIDIW,05:00 Tue,05:45 Tue,DEVEXHDC,DEVIZES - EXETER,NN4 7JE,00:01 Tue,23:59 Tue,08:22 Tue,10:22 Tue,02:00,D,HDC DEVIZES to EXETER,0,0,0,0,26,1,Store volume,SALT SINGLE,,,,13:23 Tue,09:23,04:28,293,0,00:00,69.51,00:00,1,2,2,2,05:00 Tue,13:23 Tue,14:23 Tue,MIDIW,MIDIW,05:00 Tue,05:45 Tue,MIDIW,05:45 Tue,SD Trailer,14:23 Tue,,MIDIW AM BAND 1 Weekly,44T MIDIW,5378,143,149,,,MIDIW,0,0,0
1014,1,1,MIDIW,15:01 Tue,15:46 Tue,NORHDC,Northampton HDC,NN4 7JE,00:01 Tue,23:59 Tue,15:51 Tue,16:11 Tue,00:20,C,HDC KINGS LYNN,0,0,0,0,1,1,Store volume,SALT SINGLE,,,,22:49 Tue,08:48,03:53,248,0,00:00,88,00:00,1,1,1,1,15:01 Tue,22:49 Tue,23:49 Tue,MIDIW,MIDIW,15:01 Tue,15:46 Tue,MIDIW,15:46 Tue,SD Trailer,23:49 Tue,,MIDIW PM BAND 2 Weekly,44T MIDIW,5379,123,1,,,MIDIW,0,0,0
1014,1,2,MIDIW,15:01 Tue,15:46 Tue,KINHDC1,KINGS LYNN 1,PE30 2HB,00:01 Tue,23:59 Tue,18:05 Tue,20:05 Tue,02:00,D,HDC KINGS LYNN,0,0,0,0,26,1,Store volume,SALT SINGLE,,,,22:49 Tue,08:48,03:53,248,0,00:00,88,00:00,1,2,2,2,15:01 Tue,22:49 Tue,23:49 Tue,MIDIW,MIDIW,15:01 Tue,15:46 Tue,MIDIW,15:46 Tue,SD Trailer,23:49 Tue,,MIDIW PM BAND 2 Weekly,44T MIDIW,5380,124,123,,,MIDIW,0,0,0
1015,1,1,MIDIW,18:00 Tue,18:45 Tue,NORHDC,Northampton HDC,NN4 7JE,00:01 Tue,23:59 Tue,18:50 Tue,19:10 Tue,00:20,C,HDC WAKEFIELD COUNDON,0,0,0,0,1,1,Store volume,SALT SINGLE,,,,01:46 Wed,08:46,05:06,418,0,00:00,87.67,00:00,1,1,1,1,18:00 Tue,01:46 Wed,02:46 Wed,MIDIW,MIDIW,18:00 Tue,18:45 Tue,MIDIW,18:45 Tue,SD Trailer,02:46 Wed,,MIDIW PM BAND 4 Weekly,44T MIDIW,5381,209,1,,,MIDIW,0,0,0
1015,1,2,MIDIW,18:00 Tue,18:45 Tue,WAKCOUHDC,WAKEFIELD - COUNDON,WF10 5QX,00:01 Tue,23:59 Tue,21:40 Tue,22:25 Tue,00:45,D,HDC WAKEFIELD COUNDON,0,0,0,0,26,1,Store volume,SALT SINGLE,,,,01:46 Wed,08:46,05:06,418,0,00:00,87.67,00:00,1,2,2,2,18:00 Tue,01:46 Wed,02:46 Wed,MIDIW,MIDIW,18:00 Tue,18:45 Tue,MIDIW,18:45 Tue,SD Trailer,02:46 Wed,,MIDIW PM BAND 4 Weekly,44T MIDIW,5382,208,209,,,WAKEIW,0,0,0
1016,1,1,MIDIW,11:30 Tue,12:15 Tue,NORHDC,Northampton HDC,NN4 7JE,00:01 Tue,23:59 Tue,12:20 Tue,12:40 Tue,00:20,C,HDC WAKEFIELD 1,0,0,0,0,1,1,Store volume,SALT SINGLE,,,,18:41 Tue,10:31,06:01,457,0,00:00,77.9,00:00,2,1,1,1,11:30 Tue,18:41 Tue,19:11 Tue,MIDIW,MIDIW,11:30 Tue,12:15 Tue,MIDIW,12:15 Tue,SD Trailer,22:01 Tue,,MIDIW AM BAND 4 Weekly,44T MIDIW,5383,209,1,,,MIDIW,0,0,0
1016,1,2,MIDIW,11:30 Tue,12:15 Tue,WAKHDC2,WAKEFIELD 2,WF10 5QX,00:01 Tue,23:59 Tue,15:10 Tue,15:20 Tue,00:10,D,HDC ASTRACAST/WAKEFIELD 2,0,0,0,0,26,1,Store volume,SALT SINGLE,,,,18:41 Tue,10:31,06:01,457,0,00:00,77.9,00:00,2,2,2,2,11:30 Tue,18:41 Tue,19:11 Tue,MIDIW,MIDIW,11:30 Tue,12:15 Tue,MIDIW,12:15 Tue,SD Trailer,22:01 Tue,,MIDIW AM BAND 4 Weekly,44T MIDIW,5386,208,209,,,MIDIW,0,0,0
1016,2,1,MIDIW,11:30 Tue,19:26 Tue,NORHDC,Northampton HDC,NN4 7JE,00:01 Tue,23:59 Tue,19:31 Tue,19:51 Tue,00:20,C,NETHER HDC,0,0,0,0,1,1,Store volume,SALT SINGLE,,,,21:01 Tue,10:31,06:01,457,0,00:00,77.9,00:00,2,3,3,1,19:11 Tue,21:01 Tue,22:01 Tue,MIDIW,MIDIW,19:11 Tue,19:26 Tue,MIDIW,19:26 Tue,SD Trailer,22:01 Tue,,MIDIW AM BAND 4 Weekly,44T MIDIW,5357,19,1,,,MIDIW,0,0,0
1016,2,2,MIDIW,11:30 Tue,19:26 Tue,NETHDC,NETHERHDC,NN7 3LB,00:01 Tue,23:59 Tue,20:11 Tue,20:31 Tue,00:20,D,NETHER HDC,0,0,0,0,26,1,Store volume,SALT SINGLE,,,,21:01 Tue,10:31,06:01,457,0,00:00,77.9,00:00,2,4,4,2,19:11 Tue,21:01 Tue,22:01 Tue,MIDIW,MIDIW,19:11 Tue,19:26 Tue,MIDIW,19:26 Tue,SD Trailer,22:01 Tue,,MIDIW AM BAND 4 Weekly,44T MIDIW,5358,19,19,,,MIDIW,0,0,0
1017,1,1,WAKEIW,12:00 Tue,12:45 Tue,10001,Astracast Bradford,BD4 6SE,00:01 Tue,23:59 Tue,13:12 Tue,13:22 Tue,00:10,C,HDC ASTRACAST/WAKEFIELD 2,0,0,0,0,1,1,Store volume,WAKE SINGLE,,,,14:00 Tue,10:47,06:37,523,29,00:27,89.86,00:00,2,1,1,1,12:00 Tue,14:00 Tue,14:30 Tue,WAKEIW,WAKEIW,12:00 Tue,12:45 Tue,WAKEIW,12:45 Tue,SD Trailer,22:47 Tue,,WAKEIW PM BAND 1 Weekly,44T WAKEIW,5385,28,29,,,WAKEIW,0,0,0
1017,1,2,WAKEIW,12:00 Tue,12:45 Tue,WAKHDC1,WAKEFIELD 1,WF10 5QX,00:01 Tue,23:59 Tue,13:45 Tue,13:55 Tue,00:10,D,HDC WAKEFIELD 1,0,0,0,0,26,1,Store volume,WAKE SINGLE,,,,14:00 Tue,10:47,06:37,523,29,00:27,89.86,00:00,2,2,2,2,12:00 Tue,14:00 Tue,14:30 Tue,WAKEIW,WAKEIW,12:00 Tue,12:45 Tue,WAKEIW,12:45 Tue,SD Trailer,22:47 Tue,,WAKEIW PM BAND 1 Weekly,44T WAKEIW,5384,2,28,,,WAKEIW,0,0,0
1017,2,1,WAKEIW,12:00 Tue,14:45 Tue,10001,Astracast Bradford,BD4 6SE,00:01 Tue,23:59 Tue,15:12 Tue,15:22 Tue,00:10,C,HDC ASTRACAST/WAKEFIELD 2,0,0,0,0,26,1,Store volume,WAKE SINGLE,,,,21:47 Tue,10:47,06:37,523,29,00:27,89.86,00:00,2,3,3,1,14:30 Tue,21:47 Tue,22:47 Tue,WAKEIW,WAKEIW,14:30 Tue,14:45 Tue,WAKEIW,14:45 Tue,SD Trailer,22:47 Tue,,WAKEIW PM BAND 1 Weekly,44T WAKEIW,5387,226,29,,,WAKEIW,0,0,0
1017,2,2,WAKEIW,12:00 Tue,14:45 Tue,NORHDC,Northampton HDC,NN4 7JE,00:01 Tue,23:59 Tue,18:56 Tue,19:16 Tue,00:20,C,HDC ASTRACAST/WAKEFIELD 2,0,0,0,0,1,1,Store volume,WAKE SINGLE,,,,21:47 Tue,10:47,06:37,523,29,00:27,89.86,00:00,2,4,4,2,14:30 Tue,21:47 Tue,22:47 Tue,WAKEIW,WAKEIW,14:30 Tue,14:45 Tue,WAKEIW,14:45 Tue,SD Trailer,22:47 Tue,,WAKEIW PM BAND 1 Weekly,44T WAKEIW,5388,209,226,,,MIDIW,0,0,0
1018,1,1,MIDIW,15:01 Tue,15:46 Tue,NORHDC,Northampton HDC,NN4 7JE,00:01 Tue,23:59 Tue,15:51 Tue,16:11 Tue,00:20,C,HDC WARRINGTON,0,0,0,0,1,1,Store volume,SALT SINGLE,,,,23:10 Tue,09:09,05:29,445,0,00:00,91.5,00:00,1,1,1,1,15:01 Tue,23:10 Tue,00:10 Wed,MIDIW,MIDIW,15:01 Tue,15:46 Tue,MIDIW,15:46 Tue,SD Trailer,00:10 Wed,,MIDIW PM BAND 2 Weekly,44T MIDIW,5389,222,1,,,MIDIW,0,0,0
1018,1,2,MIDIW,15:01 Tue,15:46 Tue,WARHDC1,WARRINGTON 1,WA5 4AH,00:01 Tue,23:59 Tue,18:52 Tue,19:37 Tue,00:45,D,HDC WARRINGTON,0,0,0,0,26,1,Store volume,SALT SINGLE,,,,23:10 Tue,09:09,05:29,445,0,00:00,91.5,00:00,1,2,2,2,15:01 Tue,23:10 Tue,00:10 Wed,MIDIW,MIDIW,15:01 Tue,15:46 Tue,MIDIW,15:46 Tue,SD Trailer,00:10 Wed,,MIDIW PM BAND 2 Weekly,44T MIDIW,5390,222,222,,,WAKEIW,0,0,0
1019,1,1,CARHDC,17:00 Tue,17:30 Tue,MEMCLCAR,Membury Services Rig swap,RG17 7TZ,00:01 Tue,23:59 Tue,19:38 Tue,20:23 Tue,00:45,C,,0,0,0,0,26,2,Trunk volume,CARHDC SINGLE,,,,23:22 Tue,06:52,04:17,290,145,02:08,68.67,00:00,1,1,1,1,17:00 Tue,23:22 Tue,23:52 Tue,CARHDC,CARHDC,17:00 Tue,17:30 Tue,CARHDC,17:30 Tue,SD Trailer,23:52 Tue,,CARHDC PM Weekly,44T CARHDC,5429,145,145,,,,0,0,0
1020,1,1,MIDIW,16:30 Tue,17:15 Tue,NORHDC,Northampton HDC,NN4 7JE,00:01 Tue,23:59 Tue,17:20 Tue,17:40 Tue,00:20,C,MEMBURY CL SAL,0,0,0,0,1,1,Store volume,SALT SINGLE,,,,21:22 Tue,08:48,04:53,298,0,00:00,88,00:00,2,1,1,1,16:30 Tue,21:22 Tue,21:52 Tue,MIDIW,MIDIW,16:30 Tue,17:15 Tue,MIDIW,17:15 Tue,SD Trailer,01:18 Wed,,MIDIW PM BAND 3 Weekly,44T MIDIW,5392,115,1,,,MIDIW,0,0,0
1020,1,2,MIDIW,16:30 Tue,17:15 Tue,MEMCLSAL,Membury Services Rig Swap,RG17 7TZ,00:01 Tue,23:59 Tue,19:31 Tue,19:31 Tue,00:00,D,,0,0,0,0,26,2,Trunk volume,SALT SINGLE,,,,21:22 Tue,08:48,04:53,298,0,00:00,88,00:00,2,2,2,2,16:30 Tue,21:22 Tue,21:52 Tue,MIDIW,MIDIW,16:30 Tue,17:15 Tue,MIDIW,17:15 Tue,SD Trailer,01:18 Wed,,MIDIW PM BAND 3 Weekly,44T MIDIW,5430,127,115,,,,0,0,0
1020,2,1,MIDIW,16:30 Tue,22:57 Tue,NORHDC,Northampton HDC,NN4 7JE,00:01 Tue,23:59 Tue,23:02 Tue,23:17 Tue,00:15,C,ELECTROLUX,0,0,0,0,1,1,Store volume,SALT SINGLE,,,,00:18 Wed,08:48,04:53,298,0,00:00,88,00:00,2,3,3,1,21:52 Tue,00:18 Wed,01:18 Wed,MIDIW,MIDIW,21:52 Tue,22:57 Tue,MIDIW,22:57 Tue,SD Trailer,01:18 Wed,,MIDIW PM BAND 3 Weekly,44T MIDIW,5369,29,1,,,MIDIW,0,0,0
1020,2,2,MIDIW,16:30 Tue,22:57 Tue,10014,Electrolux,MK12 5LJ,00:01 Tue,23:59 Tue,23:47 Tue,23:47 Tue,00:00,D,ELECTROLUX,0,0,0,0,26,1,Store volume,SALT SINGLE,,,,00:18 Wed,08:48,04:53,298,0,00:00,88,00:00,2,4,4,2,21:52 Tue,00:18 Wed,01:18 Wed,MIDIW,MIDIW,21:52 Tue,22:57 Tue,MIDIW,22:57 Tue,SD Trailer,01:18 Wed,,MIDIW PM BAND 3 Weekly,44T MIDIW,5370,25,29,,,MIDIW,0,0,0
3000,1,1,MIDIW,15:00 Tue,15:45 Tue,WAKEIWTRUNK,WAKEIWTRUNK,WF10 5QS,00:01 Tue,23:59 Tue,18:18 Tue,19:03 Tue,00:45,D,WAKEFIELD TRUNK 1,0,0,0,0,40,1,Store volume,SALT DOUBLE,,,,22:26 Tue,08:26,05:06,418,209,02:33,84.33,00:00,1,1,1,1,15:00 Tue,22:26 Tue,23:26 Tue,MIDIW,MIDIW,15:00 Tue,15:45 Tue,MIDIW,15:45 Tue,DD Trailer,23:26 Tue,,MIDIW PM BAND 2 Weekly,44T MIDIW,5397,209,209,,,,0,0,0
3001,1,1,MIDIW,16:00 Tue,16:45 Tue,WAKEIWTRUNK,WAKEIWTRUNK,WF10 5QS,00:01 Tue,23:59 Tue,19:18 Tue,20:03 Tue,00:45,D,WAKEFIELD TRUNK 2,0,0,0,0,40,1,Store volume,SALT DOUBLE,,,,23:26 Tue,08:26,05:06,418,209,02:33,84.33,00:00,1,1,1,1,16:00 Tue,23:26 Tue,00:26 Wed,MIDIW,MIDIW,16:00 Tue,16:45 Tue,MIDIW,16:45 Tue,DD Trailer,00:26 Wed,,MIDIW PM BAND 3 Weekly,44T MIDIW,5398,209,209,,,,0,0,0
3002,1,1,MIDIW,16:00 Tue,16:45 Tue,CAROB,CAROB,CF10 4ED,00:01 Tue,23:59 Tue,20:10 Tue,20:10 Tue,00:00,D,CARDIFF TRUNK,0,0,0,0,40,1,Store volume,SALT DOUBLE,,,,00:24 Wed,09:24,06:49,469,235,03:24,94,00:00,1,1,1,1,16:00 Tue,00:24 Wed,01:24 Wed,MIDIW,MIDIW,16:00 Tue,16:45 Tue,MIDIW,16:45 Tue,DD Trailer,01:24 Wed,,MIDIW PM BAND 3 Weekly,44T MIDIW,5399,235,234,,,,0,0,0
3003,1,1,DEVOB,18:00 Tue,18:30 Tue,MIDIWTRUNK,MIDIWTRUNK,NN4 7JE,00:01 Tue,23:59 Tue,20:40 Tue,21:25 Tue,00:45,C,DEVIZES TRUNK,0,0,0,0,1,1,Store volume,DEVOB DOUBLE,,,,00:27 Wed,06:57,04:22,292,143,02:10,69.5,00:00,1,1,1,1,18:00 Tue,00:27 Wed,00:57 Wed,DEVOB,DEVOB,18:00 Tue,18:30 Tue,DEVOB,18:30 Tue,DD Trailer,00:57 Wed,,DEVOB PM Weekly,44T DEVOB,5400,149,143,,,,0,0,0
3004,1,1,MIDIW,16:00 Tue,16:45 Tue,NORTP,GOWERTON,NN4 7BN,00:01 Tue,23:59 Tue,16:56 Tue,17:16 Tue,00:20,D,TRURO LOAD ONTO MT TP TRAILER,0,0,0,0,1,1,Store volume,SALT DOUBLE,,,,17:26 Tue,09:52,05:27,428,213,02:43,98.67,00:00,2,1,1,1,16:00 Tue,17:26 Tue,17:56 Tue,MIDIW,MIDIW,16:00 Tue,16:45 Tue,MIDIW,16:45 Tue,DD Trailer,01:52 Wed,,MIDIW PM BAND 3 Weekly,44T MIDIW,5401,4,5,,,,0,0,0
3004,2,1,MIDIW,16:00 Tue,18:11 Tue,WAKEIWTRUNK,WAKEIWTRUNK,WF10 5QS,00:01 Tue,23:59 Tue,20:44 Tue,21:29 Tue,00:45,D,WAKEFIELD TRUNK 4,0,0,0,0,40,1,Store volume,SALT DOUBLE,,,,00:52 Wed,09:52,05:27,428,213,02:43,98.67,00:00,2,2,2,1,17:56 Tue,00:52 Wed,01:52 Wed,MIDIW,MIDIW,17:56 Tue,18:11 Tue,MIDIW,18:11 Tue,DD Trailer,01:52 Wed,,MIDIW PM BAND 3 Weekly,44T MIDIW,5402,209,209,,,,0,0,0
3005,1,1,MIDIW,16:00 Tue,16:45 Tue,NORTP,GOWERTON,NN4 7BN,00:01 Tue,23:59 Tue,16:56 Tue,17:16 Tue,00:20,D,PLYMOUTH LOAD ONTO MT TP TRAILER,0,0,0,0,1,1,Store volume,SALT DOUBLE,,,,17:26 Tue,09:52,05:27,428,213,02:43,98.67,00:00,2,1,1,1,16:00 Tue,17:26 Tue,17:56 Tue,MIDIW,MIDIW,16:00 Tue,16:45 Tue,MIDIW,16:45 Tue,DD Trailer,01:52 Wed,,MIDIW PM BAND 3 Weekly,44T MIDIW,5403,4,5,,,,0,0,0
3005,2,1,MIDIW,16:00 Tue,18:11 Tue,WAKEIWTRUNK,WAKEIWTRUNK,WF10 5QS,00:01 Tue,23:59 Tue,20:44 Tue,21:29 Tue,00:45,D,WAKEFIELD TRUNK 5,0,0,0,0,40,1,Store volume,SALT DOUBLE,,,,00:52 Wed,09:52,05:27,428,213,02:43,98.67,00:00,2,2,2,1,17:56 Tue,00:52 Wed,01:52 Wed,MIDIW,MIDIW,17:56 Tue,18:11 Tue,MIDIW,18:11 Tue,DD Trailer,01:52 Wed,,MIDIW PM BAND 3 Weekly,44T MIDIW,5404,209,209,,,,0,0,0
3006,1,1,MIDIW,17:00 Tue,17:45 Tue,WAKEIWTRUNK,WAKEIWTRUNK,WF10 5QS,00:01 Tue,23:59 Tue,20:18 Tue,21:03 Tue,00:45,D,WAKEFIELD TRUNK 3,0,0,0,0,40,1,Store volume,SALT DOUBLE,,,,00:26 Wed,08:26,05:06,418,209,02:33,84.33,00:00,1,1,1,1,17:00 Tue,00:26 Wed,01:26 Wed,MIDIW,MIDIW,17:00 Tue,17:45 Tue,MIDIW,17:45 Tue,DD Trailer,01:26 Wed,,MIDIW PM BAND 3 Weekly,44T MIDIW,5615,209,209,,,,0,0,0
3008,1,1,MIDIW,17:00 Tue,17:45 Tue,WAKEIWTRUNK,WAKEIWTRUNK,WF10 5QS,00:01 Tue,23:59 Tue,20:18 Tue,21:03 Tue,00:45,D,WAKEFIELD TRUNK 3,0,0,0,0,40,1,Store volume,SALT DOUBLE,,,,00:26 Wed,08:26,05:06,418,209,02:33,84.33,00:00,1,1,1,1,17:00 Tue,00:26 Wed,01:26 Wed,MIDIW,MIDIW,17:00 Tue,17:45 Tue,MIDIW,17:45 Tue,DD Trailer,01:26 Wed,,MIDIW PM BAND 3 Weekly,44T MIDIW,5405,209,209,,,,0,0,0
4000,1,1,WAKEIW,05:00 Tue,05:45 Tue,MIDIWTRUNK,MIDIWTRUNK,NN4 7JE,00:01 Tue,23:59 Tue,08:16 Tue,09:01 Tue,00:45,D,MIDLANDS TRUNK 3,0,0,0,0,40,1,Store volume,WAKE DOUBLE,,,,12:23 Tue,08:23,05:03,418,209,02:32,62.1,00:00,1,1,1,1,05:00 Tue,12:23 Tue,13:23 Tue,WAKEIW,WAKEIW,05:00 Tue,05:45 Tue,WAKEIW,05:45 Tue,DD Trailer,13:23 Tue,,WAKEIW AM BAND 1 Weekly,44T WAKEIW,5409,209,209,,,,0,0,0
4001,1,1,WAKEIW,08:30 Tue,09:15 Tue,MIDIWTRUNK,MIDIWTRUNK,NN4 7JE,00:01 Tue,23:59 Tue,11:46 Tue,12:31 Tue,00:45,D,MIDLANDS TRUNK 4,0,0,0,0,40,1,Store volume,WAKE DOUBLE,,,,15:53 Tue,08:23,05:03,418,209,02:32,62.1,00:00,1,1,1,1,08:30 Tue,15:53 Tue,16:53 Tue,WAKEIW,WAKEIW,08:30 Tue,09:15 Tue,WAKEIW,09:15 Tue,DD Trailer,16:53 Tue,,WAKEIW AM BAND 3 Weekly,44T WAKEIW,5410,209,209,,,,0,0,0
4002,1,1,WAKEIW,13:00 Tue,13:45 Tue,MIDIWTRUNK,MIDIWTRUNK,NN4 7JE,00:01 Tue,23:59 Tue,16:16 Tue,17:01 Tue,00:45,D,MIDLANDS TRUNK 5,0,0,0,0,40,1,Store volume,WAKE DOUBLE,,,,20:23 Tue,08:23,05:03,418,209,02:32,69.86,00:00,1,1,1,1,13:00 Tue,20:23 Tue,21:23 Tue,WAKEIW,WAKEIW,13:00 Tue,13:45 Tue,WAKEIW,13:45 Tue,DD Trailer,21:23 Tue,,WAKEIW PM BAND 1 Weekly,44T WAKEIW,5411,209,209,,,,0,0,0
4003,1,1,WAKEIW,16:00 Tue,16:45 Tue,5610,TILE GIANT,WS13 8NQ,00:01 Tue,23:59 Tue,18:36 Tue,19:21 Tue,00:45,C,MIDLANDS TRUNK 6,0,0,0,0,24,1,Store volume,WAKE DOUBLE,,,,01:24 Wed,10:24,05:59,465,0,00:00,104,00:00,1,1,1,1,16:00 Tue,01:24 Wed,02:24 Wed,WAKEIW,WAKEIW,16:00 Tue,16:45 Tue,WAKEIW,16:45 Tue,DD Trailer,02:24 Wed,,WAKEIW PM BAND 3 Weekly,44T WAKEIW,5412,109,143,,,,0,0,0
4003,1,2,WAKEIW,16:00 Tue,16:45 Tue,NORTP,GOWERTON,NN4 7BN,00:01 Tue,23:59 Tue,20:48 Tue,21:08 Tue,00:20,D,MIDLANDS TRUNK 6,0,0,0,0,1,1,Store volume,WAKE DOUBLE,,,,01:24 Wed,10:24,05:59,465,0,00:00,104,00:00,1,2,2,2,16:00 Tue,01:24 Wed,02:24 Wed,WAKEIW,WAKEIW,16:00 Tue,16:45 Tue,WAKEIW,16:45 Tue,DD Trailer,02:24 Wed,,WAKEIW PM BAND 3 Weekly,44T WAKEIW,5413,4,109,,,,0,0,0
4003,1,3,WAKEIW,16:00 Tue,16:45 Tue,MIDIWTRUNK,MIDIWTRUNK,NN4 7JE,00:01 Tue,23:59 Tue,21:17 Tue,22:52 Tue,01:35,C,MIDLANDS TRUNK 6,0,0,0,0,24,1,Store volume,WAKE DOUBLE,,,,01:24 Wed,10:24,05:59,465,0,00:00,104,00:00,1,3,3,3,16:00 Tue,01:24 Wed,02:24 Wed,WAKEIW,WAKEIW,16:00 Tue,16:45 Tue,WAKEIW,16:45 Tue,DD Trailer,02:24 Wed,,WAKEIW PM BAND 3 Weekly,44T WAKEIW,5414,209,4,,,,0,0,0
4004,1,1,WAKEIW,18:00 Tue,18:45 Tue,MIDIWTRUNK,MIDIWTRUNK,NN4 7JE,00:01 Tue,23:59 Tue,21:16 Tue,22:01 Tue,00:45,D,MIDLANDS TRUNK 7,0,0,0,0,40,1,Store volume,WAKE DOUBLE,,,,01:23 Wed,08:23,05:03,418,209,02:32,83.83,00:00,1,1,1,1,18:00 Tue,01:23 Wed,02:23 Wed,WAKEIW,WAKEIW,18:00 Tue,18:45 Tue,WAKEIW,18:45 Tue,DD Trailer,02:23 Wed,,WAKEIW PM BAND 4 Weekly,44T WAKEIW,5415,209,209,,,,0,0,0
4005,1,1,WAKEIW,22:00 Tue,22:45 Tue,MIDIWTRUNK,MIDIWTRUNK,NN4 7JE,00:01 Wed,23:59 Wed,01:16 Wed,02:01 Wed,00:45,D,MIDLANDS PRIORITY 1,0,0,0,0,40,1,Store volume,WAKE DOUBLE,,,,05:23 Wed,08:23,05:03,418,209,02:32,83.83,00:00,1,1,1,1,22:00 Tue,05:23 Wed,06:23 Wed,WAKEIW,WAKEIW,22:00 Tue,22:45 Tue,WAKEIW,22:45 Tue,DD Trailer,06:23 Wed,,WAKEIW NIGHT BAND 1 Weekly,44T WAKEIW,5416,209,209,,,,0,0,0
4006,1,1,WAKEIW,23:00 Tue,23:45 Tue,MIDIWTRUNK,MIDIWTRUNK,NN4 7JE,00:01 Wed,23:59 Wed,02:16 Wed,03:01 Wed,00:45,D,MIDLANDS PRIORITY 2,0,0,0,0,40,1,Store volume,WAKE DOUBLE,,,,06:23 Wed,08:23,05:03,418,209,02:32,83.83,00:00,1,1,1,1,23:00 Tue,06:23 Wed,07:23 Wed,WAKEIW,WAKEIW,23:00 Tue,23:45 Tue,WAKEIW,23:45 Tue,DD Trailer,07:23 Wed,,WAKEIW NIGHT BAND 1 Weekly,44T WAKEIW,5417,209,209,,,,0,0,0
5000,1,1,MIDIW,06:00 Tue,06:00 Tue,SHUNTSAL,SHUNTSAL,NN4 7EX,00:01 Tue,23:59 Tue,06:05 Tue,13:55 Tue,07:50,D,SHUNTER,0,0,0,0,1,1,Store volume,,,,,14:00 Tue,08:00,00:10,2,1,00:05,100,00:00,1,1,1,1,06:00 Tue,14:00 Tue,14:00 Tue,MIDIW,MIDIW,06:00 Tue,06:00 Tue,MIDIW,06:00 Tue,,14:00 Tue,,SHUNTERAM Weekly,,5419,1,1,,,,0,0,0
5001,1,1,MIDIW,06:00 Tue,06:00 Tue,SHUNTSAL,SHUNTSAL,NN4 7EX,00:01 Tue,23:59 Tue,06:05 Tue,13:55 Tue,07:50,D,SHUNTER,0,0,0,0,1,1,Store volume,,,,,14:00 Tue,08:00,00:10,2,1,00:05,100,00:00,1,1,1,1,06:00 Tue,14:00 Tue,14:00 Tue,MIDIW,MIDIW,06:00 Tue,06:00 Tue,MIDIW,06:00 Tue,,14:00 Tue,,SHUNTERAM Weekly,,5420,1,1,,,,0,0,0
5002,1,1,MIDIW,14:00 Tue,14:00 Tue,SHUNTSAL,SHUNTSAL,NN4 7EX,00:01 Tue,23:59 Tue,14:05 Tue,21:55 Tue,07:50,D,SHUNTER,0,0,0,0,1,1,Store volume,,,,,22:00 Tue,08:00,00:10,2,1,00:05,100,00:00,1,1,1,1,14:00 Tue,22:00 Tue,22:00 Tue,MIDIW,MIDIW,14:00 Tue,14:00 Tue,MIDIW,14:00 Tue,,22:00 Tue,,SHUNTERPM Weekly,,5421,1,1,,,,0,0,0
5003,1,1,MIDIW,14:00 Tue,14:00 Tue,SHUNTSAL,SHUNTSAL,NN4 7EX,00:01 Tue,23:59 Tue,14:05 Tue,21:55 Tue,07:50,D,SHUNTER,0,0,0,0,1,1,Store volume,,,,,22:00 Tue,08:00,00:10,2,1,00:05,100,00:00,1,1,1,1,14:00 Tue,22:00 Tue,22:00 Tue,MIDIW,MIDIW,14:00 Tue,14:00 Tue,MIDIW,14:00 Tue,,22:00 Tue,,SHUNTERPM Weekly,,5422,1,1,,,,0,0,0
5004,1,1,MIDIW,22:00 Tue,22:00 Tue,SHUNTSAL,SHUNTSAL,NN4 7EX,00:01 Tue,23:59 Tue,22:05 Tue,05:55 Wed,07:50,D,SHUNTER,0,0,0,0,1,1,Store volume,,,,,06:00 Wed,08:00,00:10,2,1,00:05,100,00:00,1,1,1,1,22:00 Tue,06:00 Wed,06:00 Wed,MIDIW,MIDIW,22:00 Tue,22:00 Tue,MIDIW,22:00 Tue,,06:00 Wed,,SHUNTERNIGHT Weekly,,5423,1,1,,,,0,0,0
5005,1,1,MIDIW,22:00 Tue,22:00 Tue,SHUNTSAL,SHUNTSAL,NN4 7EX,00:01 Tue,23:59 Tue,22:05 Tue,05:55 Wed,07:50,D,SHUNTER,0,0,0,0,1,1,Store volume,,,,,06:00 Wed,08:00,00:10,2,1,00:05,100,00:00,1,1,1,1,22:00 Tue,06:00 Wed,06:00 Wed,MIDIW,MIDIW,22:00 Tue,22:00 Tue,MIDIW,22:00 Tue,,06:00 Wed,,SHUNTERNIGHT Weekly,,5424,1,1,,,,0,0,0
6000,1,1,BELOB,18:00 Tue,18:30 Tue,BARCL,BARTON TRAILER SWAP,BARTON,00:01 Tue,23:59 Tue,21:33 Tue,21:33 Tue,00:00,C,BARTON C/O,0,0,0,0,1,1,Store volume,BELLS DOUBLE,,,,01:29 Wed,07:59,06:09,504,252,03:03,79.83,00:00,1,1,1,1,18:00 Tue,01:29 Wed,01:59 Wed,BELOB,BELOB,18:00 Tue,18:30 Tue,BELOB,18:30 Tue,DD Trailer,01:59 Wed,,BELOB PM Weekly,44T BELOB,5425,253,252,,,,0,0,0
