CALL.ROUTENO,CALL.TRIPNO,CALL.TRIPPOS,CALL.DEPOTID,CALL.DSHIFTSTARTTIME,CALL.DEPOTDEPART,CALL.ID,CALL.NAME,CALL.POSTCODE,CALL.TWSTART,CALL.TWEND,CALL.ARRIVALTIME,CALL.DEPARTTIME,CALL.DURATION,Test1,CALL.TYPE,CALL.ORDDETS1,CALL.MEASURE1,CALL.MEASURE2,CALL.MEASURE3,CALL.MEASURE4,CALL.MEASURE5,CALL.PRODUCT,CALL.PRODUCTNAME,CALL.TRAILGRPNAME,CALL.ORDDETS2,CALL.ORDDETS3,CALL.ORDDETS4,CALL.TRPENDDEPOTARR,CALL.DSHIFTTOTDUTY,Test2,CALL.DSHIFTTOTDRIVE,Test3,CALL.DSHIFTTOTDIST,CALL.DSHIFTEMPTYDIST,CALL.DSHIFTEMPTYTIME,,CALL.DSHIFTTIMEUTIL,CALL.DSHIFTTOTWAIT,Test4,CALL.DSHIFTTOTTRIPS,CALL.RDROPNUM,CALL.ROUTEPOS,CALL.TDROPNUM,CALL.TRIPSTART,CALL.TRPDSTDEPOTARR,CALL.TRPDSTDEPOTDEP,CALL.TRPENDDEPOT,CALL.TRPSRCDEPOT,CALL.TRPSRCDEPOTARR,CALL.TRPSRCDEPOTDEP,CALL.TRPSTARTDEPOT,CALL.TRPSTARTDEPOTDEP,CALL.TRAILTYPENAME,CALL.DSHIFTENDTIME,CALL.PAIR,CALL.DRIVGRPNAME,CALL.TRCTGRPNAME,CALL.DROPID,CALL.TRVDISNXT,CALL.TRVDISPRV
1,1,1,LOCKERBIE,05:38 Fri,05:38 Fri,354,Edinburgh,EH11 2SL,07:30 Fri,09:30 Fri,07:30 Fri,08:28 Fri,0,58,D,,7047,14,5,3,19,1,Store volume,LOCKERBIE,,,,10:29 Fri,4,51,3,43,252,0,0,0,40.42,0,0,1,1,1,1,05:38 Fri,10:29 Fri,10:29 Fri,LOCKERBIE,LOCKERBIE,05:38 Fri,05:38 Fri,LOCKERBIE,05:38 Fri,LOCKERBIE,10:29 Fri,,LOCKERBIE AM,LOCKERBIE,5526,0,126
1,1,2,LOCKERBIE,05:38 Fri,05:38 Fri,354,Edinburgh,EH11 2SL,00:01 Fri,23:59 Fri,08:28 Fri,08:38 Fri,0,10,C,,0,0,0,0,5,1,Store volume,LOCKERBIE,,,,10:29 Fri,4,51,3,43,252,0,0,0,40.42,0,0,1,1,2,1,05:38 Fri,10:29 Fri,10:29 Fri,LOCKERBIE,LOCKERBIE,05:38 Fri,05:38 Fri,LOCKERBIE,05:38 Fri,LOCKERBIE,10:29 Fri,,LOCKERBIE AM,LOCKERBIE,5609,126,0
2,1,1,BELOB,05:50 Fri,06:20 Fri,295,Inverness,IV1 1SD,09:00 Fri,11:00 Fri,09:52 Fri,10:35 Fri,0,43,D,,10751,16,7,3,23,1,Store volume,BELLS DOUBLE,,,,15:56 Fri,10,36,7,13,548,0,0,0,78.52,0,0,1,1,1,1,05:50 Fri,15:56 Fri,16:26 Fri,BELOB,BELOB,05:50 Fri,06:20 Fri,BELOB,06:20 Fri,DD Trailer,16:26 Fri,,BELOB AM Weekly,44T BELOB,5496,233,272
2,1,2,BELOB,05:50 Fri,06:20 Fri,282,Stirling,FK7 7TL,14:30 Fri,16:30 Fri,14:30 Fri,15:15 Fri,0,45,D,,12066,20,5,4,25,1,Store volume,BELLS DOUBLE,,,,15:56 Fri,10,36,7,13,548,0,0,0,78.52,0,0,1,2,2,2,05:50 Fri,15:56 Fri,16:26 Fri,BELOB,BELOB,05:50 Fri,06:20 Fri,BELOB,06:20 Fri,DD Trailer,16:26 Fri,,BELOB AM Weekly,44T BELOB,5492,0,233
2,1,3,BELOB,05:50 Fri,06:20 Fri,282,Stirling,FK7 7TL,00:01 Fri,23:59 Fri,15:15 Fri,15:20 Fri,0,5,C,,0,0,0,0,5,1,Store volume,BELLS DOUBLE,,,,15:56 Fri,10,36,7,13,548,0,0,0,78.52,0,0,1,2,3,2,05:50 Fri,15:56 Fri,16:26 Fri,BELOB,BELOB,05:50 Fri,06:20 Fri,BELOB,06:20 Fri,DD Trailer,16:26 Fri,,BELOB AM Weekly,44T BELOB,5588,43,0
3,1,1,WAKEIW,11:05 Fri,11:50 Fri,454,Beverley,HU17 0JU,13:00 Fri,15:00 Fri,13:00 Fri,14:28 Fri,1,28,D,,17536,26,8,4,34,1,Store volume,WAKE DOUBLE,,,,18:59 Fri,8,54,3,23,235,0,0,0,65.93,0,0,1,1,1,1,11:05 Fri,18:59 Fri,19:59 Fri,WAKEIW,WAKEIW,11:05 Fri,11:50 Fri,WAKEIW,11:50 Fri,DD Trailer,19:59 Fri,,WAKEIW AM BAND 4 Weekly,44T WAKEIW,5546,12,86
3,1,2,WAKEIW,11:05 Fri,11:50 Fri,53,Hull,HU7 0DP,13:30 Fri,15:30 Fri,14:45 Fri,15:43 Fri,0,58,D,,7324,15,4,3,19,1,Store volume,WAKE DOUBLE,,,,18:59 Fri,8,54,3,23,235,0,0,0,65.93,0,0,1,2,2,2,11:05 Fri,18:59 Fri,19:59 Fri,WAKEIW,WAKEIW,11:05 Fri,11:50 Fri,WAKEIW,11:50 Fri,DD Trailer,19:59 Fri,,WAKEIW AM BAND 4 Weekly,44T WAKEIW,5451,0,12
3,1,3,WAKEIW,11:05 Fri,11:50 Fri,53,Hull,HU7 0DP,00:01 Fri,23:59 Fri,15:43 Fri,15:53 Fri,0,10,C,,0,0,0,0,5,1,Store volume,WAKE DOUBLE,,,,18:59 Fri,8,54,3,23,235,0,0,0,65.93,0,0,1,2,3,2,11:05 Fri,18:59 Fri,19:59 Fri,WAKEIW,WAKEIW,11:05 Fri,11:50 Fri,WAKEIW,11:50 Fri,DD Trailer,19:59 Fri,,WAKEIW AM BAND 4 Weekly,44T WAKEIW,5569,109,0
3,1,4,WAKEIW,11:05 Fri,11:50 Fri,10034,PREMDOR,S75 5JS,00:01 Fri,23:59 Fri,18:13 Fri,18:33 Fri,0,20,C,Collection Date -17/06/2016,0,24,0,0,0,1,Store volume,WAKE DOUBLE,various,marie - 1226392024,mlarder@premdor.com,18:59 Fri,8,54,3,23,235,0,0,0,65.93,0,0,1,3,4,3,11:05 Fri,18:59 Fri,19:59 Fri,WAKEIW,WAKEIW,11:05 Fri,11:50 Fri,WAKEIW,11:50 Fri,DD Trailer,19:59 Fri,,WAKEIW AM BAND 4 Weekly,44T WAKEIW,5446,28,109
4,1,1,CAROB,06:44 Fri,07:14 Fri,280,Cardiff West,CF14 3AT,07:30 Fri,09:30 Fri,07:30 Fri,08:34 Fri,1,4,D,,7774,17,5,3,22,1,Store volume,CAROB DOUBLE,,,,11:52 Fri,6,28,1,26,77,1,0,5,47.9,0,0,1,1,1,1,06:44 Fri,11:52 Fri,13:12 Fri,CAROB,CAROB,06:44 Fri,07:14 Fri,CAROB,07:14 Fri,DD Trailer,13:12 Fri,,CAROB AM Weekly,44T CAROB,5490,29,7
4,1,2,CAROB,06:44 Fri,07:14 Fri,271,Bridgend,CF31 3XX,08:30 Fri,10:30 Fri,09:01 Fri,09:55 Fri,0,54,D,,7276,14,3,3,17,1,Store volume,CAROB DOUBLE,,,,11:52 Fri,6,28,1,26,77,1,0,5,47.9,0,0,1,2,2,2,06:44 Fri,11:52 Fri,13:12 Fri,CAROB,CAROB,06:44 Fri,07:14 Fri,CAROB,07:14 Fri,DD Trailer,13:12 Fri,,CAROB AM Weekly,44T CAROB,5487,32,29
4,1,3,CAROB,06:44 Fri,07:14 Fri,422,Cardiff Penarth,CF11 8TU,09:30 Fri,11:30 Fri,10:21 Fri,11:15 Fri,0,54,D,,6705,12,5,3,17,1,Store volume,CAROB DOUBLE,,,,11:52 Fri,6,28,1,26,77,1,0,5,47.9,0,0,1,3,3,3,06:44 Fri,11:52 Fri,13:12 Fri,CAROB,CAROB,06:44 Fri,07:14 Fri,CAROB,07:14 Fri,DD Trailer,13:12 Fri,,CAROB AM Weekly,44T CAROB,5541,1,32
4,1,4,CAROB,06:44 Fri,07:14 Fri,10050,WESTERN CORK,CF11 8YN,00:01 Fri,23:59 Fri,11:20 Fri,11:40 Fri,0,20,C,Collection Date -17/06/2016,0,30,0,0,0,1,Store volume,CAROB DOUBLE,740820,Lee Camilleri - 2920376700,Transport@westcodiy.co.uk,11:52 Fri,6,28,1,26,77,1,0,5,47.9,0,0,1,4,4,4,06:44 Fri,11:52 Fri,13:12 Fri,CAROB,CAROB,06:44 Fri,07:14 Fri,CAROB,07:14 Fri,DD Trailer,13:12 Fri,,CAROB AM Weekly,44T CAROB,5434,8,1
5,1,1,MIDIW,04:12 Fri,04:57 Fri,377,Gloucester,GL2 5DX,07:00 Fri,09:00 Fri,07:00 Fri,08:10 Fri,1,10,D,,7609,19,6,3,25,1,Store volume,SALT DOUBLE,,,,14:03 Fri,10,51,5,46,427,0,0,0,80.37,0,0,1,1,1,1,04:12 Fri,14:03 Fri,15:03 Fri,MIDIW,MIDIW,04:12 Fri,04:57 Fri,MIDIW,04:57 Fri,DD Trailer,15:03 Fri,,MIDIW AM BAND 1 Weekly,44T MIDIW,5535,73,140
5,1,2,MIDIW,04:12 Fri,04:57 Fri,290,Newport,NP20 5GN,07:30 Fri,09:30 Fri,09:06 Fri,11:06 Fri,2,0,D,,15258,18,7,3,25,1,Store volume,SALT DOUBLE,,,,14:03 Fri,10,51,5,46,427,0,0,0,80.37,0,0,1,2,2,2,04:12 Fri,14:03 Fri,15:03 Fri,MIDIW,MIDIW,04:12 Fri,04:57 Fri,MIDIW,04:57 Fri,DD Trailer,15:03 Fri,,MIDIW AM BAND 1 Weekly,44T MIDIW,5494,0,73
5,1,3,MIDIW,04:12 Fri,04:57 Fri,290,Newport,NP20 5GN,00:01 Fri,23:59 Fri,11:06 Fri,11:16 Fri,0,10,C,,0,0,0,0,5,1,Store volume,SALT DOUBLE,,,,14:03 Fri,10,51,5,46,427,0,0,0,80.37,0,0,1,2,3,2,04:12 Fri,14:03 Fri,15:03 Fri,MIDIW,MIDIW,04:12 Fri,04:57 Fri,MIDIW,04:57 Fri,DD Trailer,15:03 Fri,,MIDIW AM BAND 1 Weekly,44T MIDIW,5590,213,0
6,1,1,MIDIW,05:06 Fri,05:51 Fri,347,Caerphilly,CF83 3GX,09:00 Fri,11:00 Fri,09:00 Fri,10:10 Fri,1,10,D,,15392,18,7,4,25,1,Store volume,SALT SINGLE,,,,15:07 Fri,11,0,6,45,498,0,0,0,81.48,0,0,1,1,1,1,05:06 Fri,15:07 Fri,16:07 Fri,MIDIW,MIDIW,05:06 Fri,05:51 Fri,MIDIW,05:51 Fri,SD Trailer,16:07 Fri,,MIDIW AM BAND 1 Weekly,44T MIDIW,5522,0,230
6,1,2,MIDIW,05:06 Fri,05:51 Fri,347,Caerphilly,CF83 3GX,00:01 Fri,23:59 Fri,10:10 Fri,10:20 Fri,0,10,C,,0,0,0,0,5,1,Store volume,SALT SINGLE,,,,15:07 Fri,11,0,6,45,498,0,0,0,81.48,0,0,1,1,2,1,05:06 Fri,15:07 Fri,16:07 Fri,MIDIW,MIDIW,05:06 Fri,05:51 Fri,MIDIW,05:51 Fri,SD Trailer,16:07 Fri,,MIDIW AM BAND 1 Weekly,44T MIDIW,5606,29,0
6,1,3,MIDIW,05:06 Fri,05:51 Fri,10050,WESTERN CORK,CF11 8YN,00:01 Fri,23:59 Fri,11:35 Fri,11:55 Fri,0,20,C,Collection Date -17/06/2016,0,16,0,0,0,1,Store volume,SALT SINGLE,740824,Lee Camilleri - 2920376700,Transport@westcodiy.co.uk,15:07 Fri,11,0,6,45,498,0,0,0,81.48,0,0,1,2,3,2,05:06 Fri,15:07 Fri,16:07 Fri,MIDIW,MIDIW,05:06 Fri,05:51 Fri,MIDIW,05:51 Fri,SD Trailer,16:07 Fri,,MIDIW AM BAND 1 Weekly,44T MIDIW,5435,239,29
7,1,1,EXEOB,04:05 Fri,04:35 Fri,292,Plymouth,PL6 8LX,05:00 Fri,06:30 Fri,05:23 Fri,06:17 Fri,0,54,D,,5531,11,6,3,17,1,Store volume,TP Trailer,,,,07:05 Fri,3,30,1,36,131,66,0,48,25.93,0,0,1,1,1,1,04:05 Fri,07:05 Fri,07:35 Fri,EXEOB,EXEOB,04:05 Fri,04:35 Fri,EXEOB,04:35 Fri,DD Trailer,07:35 Fri,,EXEOB AM Weekly,44T EXEOB,5495,66,66
8,1,1,EXEOB,04:05 Fri,04:35 Fri,407,Truro,TR4 8QN,05:00 Fri,06:30 Fri,06:22 Fri,07:34 Fri,1,12,D,,12241,18,8,4,26,1,Store volume,TP Trailer,,,,09:30 Fri,6,45,3,33,290,0,0,0,50,0,0,1,1,1,1,04:05 Fri,09:30 Fri,10:50 Fri,EXEOB,EXEOB,04:05 Fri,04:35 Fri,EXEOB,04:35 Fri,DD Trailer,10:50 Fri,,EXEOB AM Weekly,44T EXEOB,5538,0,145
8,1,2,EXEOB,04:05 Fri,04:35 Fri,407,Truro,TR4 8QN,00:01 Fri,23:59 Fri,07:34 Fri,07:44 Fri,0,10,C,,0,0,0,0,5,1,Store volume,TP Trailer,,,,09:30 Fri,6,45,3,33,290,0,0,0,50,0,0,1,1,2,1,04:05 Fri,09:30 Fri,10:50 Fri,EXEOB,EXEOB,04:05 Fri,04:35 Fri,EXEOB,04:35 Fri,DD Trailer,10:50 Fri,,EXEOB AM Weekly,44T EXEOB,5615,145,0
9,1,1,DEVOB,04:42 Fri,05:12 Fri,336,Exeter,EX2 7HY,07:30 Fri,09:30 Fri,07:30 Fri,08:20 Fri,0,50,D,,2481,12,3,3,15,1,Store volume,DEVOB DOUBLE,,,,15:16 Fri,11,4,6,24,426,44,0,57,81.98,0,0,1,1,1,1,04:42 Fri,15:16 Fri,15:46 Fri,DEVOB,DEVOB,04:42 Fri,05:12 Fri,DEVOB,05:12 Fri,DD Trailer,15:46 Fri,,DEVOB AM Weekly,44T DEVOB,5517,81,157
9,1,2,DEVOB,04:42 Fri,05:12 Fri,256,Barnstaple,EX32 8NX,09:00 Fri,11:00 Fri,09:23 Fri,11:11 Fri,1,48,D,,5045,13,6,3,19,1,Store volume,DEVOB DOUBLE,,,,15:16 Fri,11,4,6,24,426,44,0,57,81.98,0,0,1,2,2,2,04:42 Fri,15:16 Fri,15:46 Fri,DEVOB,DEVOB,04:42 Fri,05:12 Fri,DEVOB,05:12 Fri,DD Trailer,15:46 Fri,,DEVOB AM Weekly,44T DEVOB,5482,145,81
9,1,3,DEVOB,04:42 Fri,05:12 Fri,486,Midsomer Norton,BS39 7SW,11:45 Fri,13:45 Fri,13:17 Fri,14:19 Fri,1,2,D,,6020,16,5,3,21,1,Store volume,DEVOB DOUBLE,,,,15:16 Fri,11,4,6,24,426,44,0,57,81.98,0,0,1,3,3,3,04:42 Fri,15:16 Fri,15:46 Fri,DEVOB,DEVOB,04:42 Fri,05:12 Fri,DEVOB,05:12 Fri,DD Trailer,15:46 Fri,,DEVOB AM Weekly,44T DEVOB,5552,44,145
10,1,1,MIDIW,12:47 Fri,13:32 Fri,452,Nuneaton,CV10 0AD,14:30 Fri,16:30 Fri,14:30 Fri,15:44 Fri,1,14,D,,12527,19,8,3,27,1,Store volume,SALT DOUBLE,,,,19:08 Fri,10,41,4,0,288,71,0,55,89.03,0,0,2,1,1,1,12:47 Fri,19:08 Fri,19:38 Fri,MIDIW,MIDIW,12:47 Fri,13:32 Fri,MIDIW,13:32 Fri,DD Trailer,23:29 Fri,,MIDIW PM BAND 1 Weekly,44T MIDIW,5545,0,70
10,1,2,MIDIW,12:47 Fri,13:32 Fri,452,Nuneaton,CV10 0AD,00:01 Fri,23:59 Fri,15:44 Fri,15:54 Fri,0,10,C,,0,0,0,0,5,1,Store volume,SALT DOUBLE,,,,19:08 Fri,10,41,4,0,288,71,0,55,89.03,0,0,2,1,2,1,12:47 Fri,19:08 Fri,19:38 Fri,MIDIW,MIDIW,12:47 Fri,13:32 Fri,MIDIW,13:32 Fri,DD Trailer,23:29 Fri,,MIDIW PM BAND 1 Weekly,44T MIDIW,5618,15,0
10,1,3,MIDIW,12:47 Fri,13:32 Fri,75,Coventry,CV1 4BY,15:00 Fri,17:00 Fri,16:16 Fri,17:18 Fri,1,2,D,,7947,17,4,3,21,1,Store volume,SALT DOUBLE,,,,19:08 Fri,10,41,4,0,288,71,0,55,89.03,0,0,2,2,3,2,12:47 Fri,19:08 Fri,19:38 Fri,MIDIW,MIDIW,12:47 Fri,13:32 Fri,MIDIW,13:32 Fri,DD Trailer,23:29 Fri,,MIDIW PM BAND 1 Weekly,44T MIDIW,5457,0,15
10,1,4,MIDIW,12:47 Fri,13:32 Fri,75,Coventry,CV1 4BY,00:01 Fri,23:59 Fri,17:18 Fri,17:28 Fri,0,10,C,,0,0,0,0,5,1,Store volume,SALT DOUBLE,,,,19:08 Fri,10,41,4,0,288,71,0,55,89.03,0,0,2,2,4,2,12:47 Fri,19:08 Fri,19:38 Fri,MIDIW,MIDIW,12:47 Fri,13:32 Fri,MIDIW,13:32 Fri,DD Trailer,23:29 Fri,,MIDIW PM BAND 1 Weekly,44T MIDIW,5572,61,0
10,2,1,MIDIW,12:47 Fri,19:53 Fri,HEMIWTRUNK,HEMEL,HP2 7EU,00:01 Fri,23:59 Fri,20:49 Fri,21:34 Fri,0,45,D,,0,40,0,0,40,2,Trunk volume,SALT DOUBLE,,,,22:29 Fri,10,41,4,0,288,71,0,55,89.03,0,0,2,3,5,1,19:38 Fri,22:29 Fri,23:29 Fri,MIDIW,MIDIW,19:38 Fri,19:53 Fri,MIDIW,19:53 Fri,DD Trailer,23:29 Fri,,MIDIW PM BAND 1 Weekly,44T MIDIW,5565,71,71
11,1,1,HEMOB,04:05 Fri,04:35 Fri,461,West Wickham,BR4 9HT,06:00 Fri,08:00 Fri,06:03 Fri,07:13 Fri,1,10,D,,8371,19,6,3,25,1,Store volume,DOUBLE DECK,,,,13:42 Fri,10,7,5,2,364,0,0,0,74.94,0,0,1,1,1,1,04:05 Fri,13:42 Fri,14:12 Fri,HEMOB,HEMOB,04:05 Fri,04:35 Fri,HEMOB,04:35 Fri,DD Trailer,14:12 Fri,,HEMOB AM Weekly,44T HEMOB,5547,0,104
11,1,2,HEMOB,04:05 Fri,04:35 Fri,461,West Wickham,BR4 9HT,00:01 Fri,23:59 Fri,07:13 Fri,07:23 Fri,0,10,C,,0,0,0,0,5,1,Store volume,DOUBLE DECK,,,,13:42 Fri,10,7,5,2,364,0,0,0,74.94,0,0,1,1,2,1,04:05 Fri,13:42 Fri,14:12 Fri,HEMOB,HEMOB,04:05 Fri,04:35 Fri,HEMOB,04:35 Fri,DD Trailer,14:12 Fri,,HEMOB AM Weekly,44T HEMOB,5619,53,0
11,1,3,HEMOB,04:05 Fri,04:35 Fri,208,Canning Town,E16 4PA,07:00 Fri,09:00 Fri,08:17 Fri,09:27 Fri,1,10,D,,12382,20,5,3,25,1,Store volume,DOUBLE DECK,,,,13:42 Fri,10,7,5,2,364,0,0,0,74.94,0,0,1,2,3,2,04:05 Fri,13:42 Fri,14:12 Fri,HEMOB,HEMOB,04:05 Fri,04:35 Fri,HEMOB,04:35 Fri,DD Trailer,14:12 Fri,,HEMOB AM Weekly,44T HEMOB,5468,135,53
11,1,4,HEMOB,04:05 Fri,04:35 Fri,MIDIWTRUNK,MIDIWTRUNK,NN4 7JE,00:01 Fri,23:59 Fri,12:02 Fri,12:47 Fri,0,45,C,,0,40,0,0,40,2,Trunk volume,DOUBLE DECK,,,,13:42 Fri,10,7,5,2,364,0,0,0,74.94,0,0,1,3,4,3,04:05 Fri,13:42 Fri,14:12 Fri,HEMOB,HEMOB,04:05 Fri,04:35 Fri,HEMOB,04:35 Fri,DD Trailer,14:12 Fri,,HEMOB AM Weekly,44T HEMOB,5557,71,135
12,1,1,HEMOB,04:05 Fri,04:35 Fri,485,Winchester,SO23 7RU,05:45 Fri,06:00 Fri,06:06 Fri,06:52 Fri,0,46,D,,3320,10,3,3,13,1,Store volume,DOUBLE DECK,,,,13:45 Fri,10,10,5,9,367,0,0,0,75.31,0,2,1,1,1,1,04:05 Fri,13:45 Fri,14:15 Fri,HEMOB,HEMOB,04:05 Fri,04:35 Fri,HEMOB,04:35 Fri,DD Trailer,14:15 Fri,,HEMOB AM Weekly,44T HEMOB,5551,0,122
12,1,2,HEMOB,04:05 Fri,04:35 Fri,485,Winchester,SO23 7RU,00:01 Fri,23:59 Fri,06:52 Fri,07:02 Fri,0,10,C,,0,0,0,0,5,1,Store volume,DOUBLE DECK,,,,13:45 Fri,10,10,5,9,367,0,0,0,75.31,0,2,1,1,2,1,04:05 Fri,13:45 Fri,14:15 Fri,HEMOB,HEMOB,04:05 Fri,04:35 Fri,HEMOB,04:35 Fri,DD Trailer,14:15 Fri,,HEMOB AM Weekly,44T HEMOB,5622,58,0
12,1,3,HEMOB,04:05 Fri,04:35 Fri,371,Reading,RG30 1PR,08:00 Fri,10:00 Fri,08:00 Fri,09:18 Fri,1,18,D,,11740,23,6,5,29,1,Store volume,DOUBLE DECK,,,,13:45 Fri,10,10,5,9,367,0,0,0,75.31,0,2,1,2,3,2,04:05 Fri,13:45 Fri,14:15 Fri,HEMOB,HEMOB,04:05 Fri,04:35 Fri,HEMOB,04:35 Fri,DD Trailer,14:15 Fri,,HEMOB AM Weekly,44T HEMOB,5533,0,58
12,1,4,HEMOB,04:05 Fri,04:35 Fri,371,Reading,RG30 1PR,00:01 Fri,23:59 Fri,09:18 Fri,09:28 Fri,0,10,C,,0,0,0,0,5,1,Store volume,DOUBLE DECK,,,,13:45 Fri,10,10,5,9,367,0,0,0,75.31,0,2,1,2,4,2,04:05 Fri,13:45 Fri,14:15 Fri,HEMOB,HEMOB,04:05 Fri,04:35 Fri,HEMOB,04:35 Fri,DD Trailer,14:15 Fri,,HEMOB AM Weekly,44T HEMOB,5612,116,0
12,1,5,HEMOB,04:05 Fri,04:35 Fri,MIDIWTRUNK,MIDIWTRUNK,NN4 7JE,00:01 Fri,23:59 Fri,12:05 Fri,12:50 Fri,0,45,C,,0,40,0,0,40,2,Trunk volume,DOUBLE DECK,,,,13:45 Fri,10,10,5,9,367,0,0,0,75.31,0,2,1,3,5,3,04:05 Fri,13:45 Fri,14:15 Fri,HEMOB,HEMOB,04:05 Fri,04:35 Fri,HEMOB,04:35 Fri,DD Trailer,14:15 Fri,,HEMOB AM Weekly,44T HEMOB,5558,71,116
13,1,1,MIDIW,04:39 Fri,05:24 Fri,418,Ashton Gate,BS3 2LQ,08:00 Fri,10:00 Fri,08:00 Fri,09:16 Fri,1,16,D,,20910,17,11,4,28,1,Store volume,SALT DOUBLE,,,,14:43 Fri,11,4,6,53,510,84,1,6,81.98,0,0,1,1,1,1,04:39 Fri,14:43 Fri,15:43 Fri,MIDIW,MIDIW,04:39 Fri,05:24 Fri,MIDIW,05:24 Fri,DD Trailer,15:43 Fri,,MIDIW AM BAND 1 Weekly,44T MIDIW,5540,84,186
13,1,2,MIDIW,04:39 Fri,05:24 Fri,10050,WESTERN CORK,CF11 8YN,00:01 Fri,23:59 Fri,11:12 Fri,11:32 Fri,0,20,C,Collection Date -17/06/2016,0,31,0,0,0,1,Store volume,SALT DOUBLE,740013,Lee Camilleri - 2920376700,Transport@westcodiy.co.uk,14:43 Fri,11,4,6,53,510,84,1,6,81.98,0,0,1,2,2,2,04:39 Fri,14:43 Fri,15:43 Fri,MIDIW,MIDIW,04:39 Fri,05:24 Fri,MIDIW,05:24 Fri,DD Trailer,15:43 Fri,,MIDIW AM BAND 1 Weekly,44T MIDIW,5438,239,84
14,1,1,HEMOB,05:44 Fri,06:14 Fri,332,Basingstoke,RG21 6AA,07:30 Fri,09:30 Fri,07:30 Fri,08:42 Fri,1,12,D,,9591,20,6,4,26,1,Store volume,DOUBLE DECK,,,,14:58 Fri,9,44,4,35,342,0,0,0,72.1,0,0,1,1,1,1,05:44 Fri,14:58 Fri,15:28 Fri,HEMOB,HEMOB,05:44 Fri,06:14 Fri,HEMOB,06:14 Fri,DD Trailer,15:28 Fri,,HEMOB AM Weekly,44T HEMOB,5515,0,98
14,1,2,HEMOB,05:44 Fri,06:14 Fri,332,Basingstoke,RG21 6AA,00:01 Fri,23:59 Fri,08:42 Fri,08:52 Fri,0,10,C,,0,0,0,0,5,1,Store volume,DOUBLE DECK,,,,14:58 Fri,9,44,4,35,342,0,0,0,72.1,0,0,1,1,2,1,05:44 Fri,14:58 Fri,15:28 Fri,HEMOB,HEMOB,05:44 Fri,06:14 Fri,HEMOB,06:14 Fri,DD Trailer,15:28 Fri,,HEMOB AM Weekly,44T HEMOB,5601,34,0
14,1,3,HEMOB,05:44 Fri,06:14 Fri,321,Andover,SP10 4AU,08:00 Fri,10:00 Fri,09:22 Fri,10:34 Fri,1,12,D,,13103,19,7,4,26,1,Store volume,DOUBLE DECK,,,,14:58 Fri,9,44,4,35,342,0,0,0,72.1,0,0,1,2,3,2,05:44 Fri,14:58 Fri,15:28 Fri,HEMOB,HEMOB,05:44 Fri,06:14 Fri,HEMOB,06:14 Fri,DD Trailer,15:28 Fri,,HEMOB AM Weekly,44T HEMOB,5508,140,34
14,1,4,HEMOB,05:44 Fri,06:14 Fri,MIDIWTRUNK,MIDIWTRUNK,NN4 7JE,00:01 Fri,23:59 Fri,13:18 Fri,14:03 Fri,0,45,C,,0,40,0,0,40,2,Trunk volume,DOUBLE DECK,,,,14:58 Fri,9,44,4,35,342,0,0,0,72.1,0,0,1,3,4,3,05:44 Fri,14:58 Fri,15:28 Fri,HEMOB,HEMOB,05:44 Fri,06:14 Fri,HEMOB,06:14 Fri,DD Trailer,15:28 Fri,,HEMOB AM Weekly,44T HEMOB,5559,71,140
15,1,1,HEMOB,05:43 Fri,06:13 Fri,328,Southampton,SO16 6TP,08:00 Fri,10:00 Fri,08:00 Fri,08:58 Fri,0,58,D,,5199,16,3,4,19,1,Store volume,DOUBLE DECK,,,,13:47 Fri,8,34,4,12,321,0,0,0,63.46,0,0,1,1,1,1,05:43 Fri,13:47 Fri,14:17 Fri,HEMOB,HEMOB,05:43 Fri,06:13 Fri,HEMOB,06:13 Fri,DD Trailer,14:17 Fri,,HEMOB AM Weekly,44T HEMOB,5511,0,140
15,1,2,HEMOB,05:43 Fri,06:13 Fri,328,Southampton,SO16 6TP,00:01 Fri,23:59 Fri,08:58 Fri,09:08 Fri,0,10,C,,0,0,0,0,5,1,Store volume,DOUBLE DECK,,,,13:47 Fri,8,34,4,12,321,0,0,0,63.46,0,0,1,1,2,1,05:43 Fri,13:47 Fri,14:17 Fri,HEMOB,HEMOB,05:43 Fri,06:13 Fri,HEMOB,06:13 Fri,DD Trailer,14:17 Fri,,HEMOB AM Weekly,44T HEMOB,5598,30,0
15,1,3,HEMOB,05:43 Fri,06:13 Fri,228,Fareham,PO14 1TS,08:30 Fri,10:30 Fri,09:39 Fri,11:03 Fri,1,24,D,,12594,24,8,4,32,1,Store volume,DOUBLE DECK,,,,13:47 Fri,8,34,4,12,321,0,0,0,63.46,0,0,1,2,3,2,05:43 Fri,13:47 Fri,14:17 Fri,HEMOB,HEMOB,05:43 Fri,06:13 Fri,HEMOB,06:13 Fri,DD Trailer,14:17 Fri,,HEMOB AM Weekly,44T HEMOB,5473,152,30
16,1,1,MIDIW,04:47 Fri,05:32 Fri,436,Halesowen,B62 8DU,07:00 Fri,09:00 Fri,07:00 Fri,08:14 Fri,1,14,D,,10062,23,4,4,27,1,Store volume,SALT DOUBLE,,,,12:10 Fri,8,23,3,16,241,0,0,0,62.1,0,0,1,1,1,1,04:47 Fri,12:10 Fri,13:10 Fri,MIDIW,MIDIW,04:47 Fri,05:32 Fri,MIDIW,05:32 Fri,DD Trailer,13:10 Fri,,MIDIW AM BAND 1 Weekly,44T MIDIW,5542,0,115
16,1,2,MIDIW,04:47 Fri,05:32 Fri,436,Halesowen,B62 8DU,00:01 Fri,23:59 Fri,08:14 Fri,08:24 Fri,0,10,C,,0,0,0,0,5,1,Store volume,SALT DOUBLE,,,,12:10 Fri,8,23,3,16,241,0,0,0,62.1,0,0,1,1,2,1,04:47 Fri,12:10 Fri,13:10 Fri,MIDIW,MIDIW,04:47 Fri,05:32 Fri,MIDIW,05:32 Fri,DD Trailer,13:10 Fri,,MIDIW AM BAND 1 Weekly,44T MIDIW,5616,9,0
16,1,3,MIDIW,04:47 Fri,05:32 Fri,252,Dudley,DY5 1HR,08:15 Fri,10:15 Fri,08:39 Fri,09:47 Fri,1,8,D,,8001,22,2,4,24,1,Store volume,SALT DOUBLE,,,,12:10 Fri,8,23,3,16,241,0,0,0,62.1,0,0,1,2,3,2,04:47 Fri,12:10 Fri,13:10 Fri,MIDIW,MIDIW,04:47 Fri,05:32 Fri,MIDIW,05:32 Fri,DD Trailer,13:10 Fri,,MIDIW AM BAND 1 Weekly,44T MIDIW,5481,116,9
17,1,1,MIDIW,05:18 Fri,06:03 Fri,350,Ipswich,IP2 0AQ,07:30 Fri,09:30 Fri,08:17 Fri,09:11 Fri,0,54,D,,4741,13,4,3,17,1,Store volume,SALT DOUBLE,,,,15:51 Fri,11,33,6,38,462,0,0,0,85.56,0,0,1,1,1,1,05:18 Fri,15:51 Fri,16:51 Fri,MIDIW,MIDIW,05:18 Fri,06:03 Fri,MIDIW,06:03 Fri,DD Trailer,16:51 Fri,,MIDIW AM BAND 1 Weekly,44T MIDIW,5524,75,172
17,1,2,MIDIW,05:18 Fri,06:03 Fri,317,Lowestoft,NR32 2ED,10:30 Fri,12:30 Fri,10:30 Fri,12:36 Fri,2,6,D,,11513,21,7,4,28,1,Store volume,SALT DOUBLE,,,,15:51 Fri,11,33,6,38,462,0,0,0,85.56,0,0,1,2,2,2,05:18 Fri,15:51 Fri,16:51 Fri,MIDIW,MIDIW,05:18 Fri,06:03 Fri,MIDIW,06:03 Fri,DD Trailer,16:51 Fri,,MIDIW AM BAND 1 Weekly,44T MIDIW,5507,0,75
17,1,3,MIDIW,05:18 Fri,06:03 Fri,317,Lowestoft,NR32 2ED,00:01 Fri,23:59 Fri,12:36 Fri,12:46 Fri,0,10,C,,0,0,0,0,5,1,Store volume,SALT DOUBLE,,,,15:51 Fri,11,33,6,38,462,0,0,0,85.56,0,0,1,2,3,2,05:18 Fri,15:51 Fri,16:51 Fri,MIDIW,MIDIW,05:18 Fri,06:03 Fri,MIDIW,06:03 Fri,DD Trailer,16:51 Fri,,MIDIW AM BAND 1 Weekly,44T MIDIW,5595,215,0
18,1,1,MIDIW,05:23 Fri,06:08 Fri,220,Redditch,B98 8DU,07:30 Fri,09:30 Fri,07:30 Fri,08:40 Fri,1,10,D,,4382,21,4,5,25,1,Store volume,SALT DOUBLE,,,,13:13 Fri,8,49,3,42,281,0,0,0,65.31,0,0,1,1,1,1,05:23 Fri,13:13 Fri,14:13 Fri,MIDIW,MIDIW,05:23 Fri,06:08 Fri,MIDIW,06:08 Fri,DD Trailer,14:13 Fri,,MIDIW AM BAND 1 Weekly,44T MIDIW,5471,43,105
18,1,2,MIDIW,05:23 Fri,06:08 Fri,406,Worcester,WR5 1HE,07:30 Fri,09:30 Fri,09:17 Fri,10:29 Fri,1,12,D,,11184,21,5,3,26,1,Store volume,SALT DOUBLE,,,,13:13 Fri,8,49,3,42,281,0,0,0,65.31,0,0,1,2,2,2,05:23 Fri,13:13 Fri,14:13 Fri,MIDIW,MIDIW,05:23 Fri,06:08 Fri,MIDIW,06:08 Fri,DD Trailer,14:13 Fri,,MIDIW AM BAND 1 Weekly,44T MIDIW,5537,0,43
18,1,3,MIDIW,05:23 Fri,06:08 Fri,406,Worcester,WR5 1HE,00:01 Fri,23:59 Fri,10:29 Fri,10:39 Fri,0,10,C,,0,0,0,0,5,1,Store volume,SALT DOUBLE,,,,13:13 Fri,8,49,3,42,281,0,0,0,65.31,0,0,1,2,3,2,05:23 Fri,13:13 Fri,14:13 Fri,MIDIW,MIDIW,05:23 Fri,06:08 Fri,MIDIW,06:08 Fri,DD Trailer,14:13 Fri,,MIDIW AM BAND 1 Weekly,44T MIDIW,5614,134,0
19,1,1,MIDIW,05:44 Fri,06:29 Fri,437,Wolverhampton,WV10 6HT,08:00 Fri,10:00 Fri,08:00 Fri,08:56 Fri,0,56,D,,4311,15,3,4,18,1,Store volume,SALT DOUBLE,,,,13:35 Fri,8,51,3,52,275,1,0,5,65.56,0,0,1,1,1,1,05:44 Fri,13:35 Fri,14:35 Fri,MIDIW,MIDIW,05:44 Fri,06:29 Fri,MIDIW,06:29 Fri,DD Trailer,14:35 Fri,,MIDIW AM BAND 1 Weekly,44T MIDIW,5543,26,114
19,1,2,MIDIW,05:44 Fri,06:29 Fri,299,Stafford,ST16 2QY,07:30 Fri,09:30 Fri,09:27 Fri,10:35 Fri,1,8,D,,8413,20,4,3,24,1,Store volume,SALT DOUBLE,,,,13:35 Fri,8,51,3,52,275,1,0,5,65.56,0,0,1,2,2,2,05:44 Fri,13:35 Fri,14:35 Fri,MIDIW,MIDIW,05:44 Fri,06:29 Fri,MIDIW,06:29 Fri,DD Trailer,14:35 Fri,,MIDIW AM BAND 1 Weekly,44T MIDIW,5499,1,26
19,1,3,MIDIW,05:44 Fri,06:29 Fri,10015,ENG. ABBRASIVES,ST16 1EA,00:01 Fri,23:59 Fri,10:40 Fri,11:00 Fri,0,20,C,Collection Date -17/06/2016,0,13,0,0,0,1,Store volume,SALT DOUBLE,740761 740763,Nicki Cregg - 01785 279509,nicki.cregg@saint-gobain.com,13:35 Fri,8,51,3,52,275,1,0,5,65.56,0,0,1,3,3,3,05:44 Fri,13:35 Fri,14:35 Fri,MIDIW,MIDIW,05:44 Fri,06:29 Fri,MIDIW,06:29 Fri,DD Trailer,14:35 Fri,,MIDIW AM BAND 1 Weekly,44T MIDIW,5433,134,1
20,1,1,MIDIW,06:00 Fri,06:45 Fri,98,Cribbs,BS34 5TS,09:00 Fri,11:00 Fri,09:15 Fri,10:15 Fri,1,0,D,,5531,16,4,3,20,1,Store volume,SALT DOUBLE,,,,16:04 Fri,11,4,5,57,436,0,0,0,81.98,0,0,1,1,1,1,06:00 Fri,16:04 Fri,17:04 Fri,MIDIW,MIDIW,06:00 Fri,06:45 Fri,MIDIW,06:45 Fri,DD Trailer,17:04 Fri,,MIDIW AM BAND 2 Weekly,44T MIDIW,5467,0,182
20,1,2,MIDIW,06:00 Fri,06:45 Fri,98,Cribbs,BS34 5TS,00:01 Fri,23:59 Fri,10:15 Fri,10:25 Fri,0,10,C,,0,0,0,0,5,1,Store volume,SALT DOUBLE,,,,16:04 Fri,11,4,5,57,436,0,0,0,81.98,0,0,1,1,2,1,06:00 Fri,16:04 Fri,17:04 Fri,MIDIW,MIDIW,06:00 Fri,06:45 Fri,MIDIW,06:45 Fri,DD Trailer,17:04 Fri,,MIDIW AM BAND 2 Weekly,44T MIDIW,5579,36,0
20,1,3,MIDIW,06:00 Fri,06:45 Fri,329,Weston Super Mare,BS23 3YG,10:30 Fri,12:30 Fri,10:59 Fri,13:01 Fri,2,2,D,,12068,18,8,3,26,1,Store volume,SALT DOUBLE,,,,16:04 Fri,11,4,5,57,436,0,0,0,81.98,0,0,1,2,3,2,06:00 Fri,16:04 Fri,17:04 Fri,MIDIW,MIDIW,06:00 Fri,06:45 Fri,MIDIW,06:45 Fri,DD Trailer,17:04 Fri,,MIDIW AM BAND 2 Weekly,44T MIDIW,5512,0,36
20,1,4,MIDIW,06:00 Fri,06:45 Fri,329,Weston Super Mare,BS23 3YG,00:01 Fri,23:59 Fri,13:01 Fri,13:11 Fri,0,10,C,,0,0,0,0,5,1,Store volume,SALT DOUBLE,,,,16:04 Fri,11,4,5,57,436,0,0,0,81.98,0,0,1,2,4,2,06:00 Fri,16:04 Fri,17:04 Fri,MIDIW,MIDIW,06:00 Fri,06:45 Fri,MIDIW,06:45 Fri,DD Trailer,17:04 Fri,,MIDIW AM BAND 2 Weekly,44T MIDIW,5599,218,0
21,1,1,MIDIW,05:45 Fri,06:30 Fri,234,Oxford,OX2 0HA,07:30 Fri,09:30 Fri,07:30 Fri,08:42 Fri,1,12,D,,9053,24,2,4,26,1,Store volume,SALT DOUBLE,,,,11:14 Fri,9,43,3,41,254,44,0,39,71.98,0,0,2,1,1,1,05:45 Fri,11:14 Fri,12:34 Fri,MIDIW,MIDIW,05:45 Fri,06:30 Fri,MIDIW,06:30 Fri,DD Trailer,15:28 Fri,,MIDIW AM BAND 1 Weekly,44T MIDIW,5477,0,70
21,1,2,MIDIW,05:45 Fri,06:30 Fri,234,Oxford,OX2 0HA,00:01 Fri,23:59 Fri,08:42 Fri,08:52 Fri,0,10,C,,0,0,0,0,5,1,Store volume,SALT DOUBLE,,,,11:14 Fri,9,43,3,41,254,44,0,39,71.98,0,0,2,1,2,1,05:45 Fri,11:14 Fri,12:34 Fri,MIDIW,MIDIW,05:45 Fri,06:30 Fri,MIDIW,06:30 Fri,DD Trailer,15:28 Fri,,MIDIW AM BAND 1 Weekly,44T MIDIW,5582,44,0
21,1,3,MIDIW,05:45 Fri,06:30 Fri,277,Banbury,OX16 2RR,08:30 Fri,10:30 Fri,09:26 Fri,10:26 Fri,1,0,D,,7106,16,4,3,20,1,Store volume,SALT DOUBLE,,,,11:14 Fri,9,43,3,41,254,44,0,39,71.98,0,0,2,2,3,2,05:45 Fri,11:14 Fri,12:34 Fri,MIDIW,MIDIW,05:45 Fri,06:30 Fri,MIDIW,06:30 Fri,DD Trailer,15:28 Fri,,MIDIW AM BAND 1 Weekly,44T MIDIW,5489,51,44
21,2,1,MIDIW,05:45 Fri,12:49 Fri,10043,S.B.D,MK45 5BY,00:01 Fri,23:59 Fri,13:28 Fri,13:48 Fri,0,20,C,Collection Date -17/06/2016,0,25,0,0,0,1,Store volume,SALT SINGLE,740643,Richard Minett - 7733119833,richard.minett@netweber.co.uk,14:28 Fri,9,43,3,41,254,44,0,39,71.98,0,0,2,3,4,1,12:34 Fri,14:28 Fri,15:28 Fri,MIDIW,MIDIW,12:34 Fri,12:49 Fri,MIDIW,12:49 Fri,SD Trailer,15:28 Fri,,MIDIW AM BAND 1 Weekly,44T MIDIW,5445,45,44
22,1,1,MIDIW,06:00 Fri,06:45 Fri,340,Slough,SL1 4UN,08:00 Fri,10:00 Fri,08:10 Fri,09:14 Fri,1,4,D,,6494,15,7,4,22,1,Store volume,SALT DOUBLE,,,,13:43 Fri,8,43,3,26,278,0,0,0,64.57,0,0,1,1,1,1,06:00 Fri,13:43 Fri,14:43 Fri,MIDIW,MIDIW,06:00 Fri,06:45 Fri,MIDIW,06:45 Fri,DD Trailer,14:43 Fri,,MIDIW AM BAND 2 Weekly,44T MIDIW,5518,0,115
22,1,2,MIDIW,06:00 Fri,06:45 Fri,340,Slough,SL1 4UN,00:01 Fri,23:59 Fri,09:14 Fri,09:24 Fri,0,10,C,,0,0,0,0,5,1,Store volume,SALT DOUBLE,,,,13:43 Fri,8,43,3,26,278,0,0,0,64.57,0,0,1,1,2,1,06:00 Fri,13:43 Fri,14:43 Fri,MIDIW,MIDIW,06:00 Fri,06:45 Fri,MIDIW,06:45 Fri,DD Trailer,14:43 Fri,,MIDIW AM BAND 2 Weekly,44T MIDIW,5603,26,0
22,1,3,MIDIW,06:00 Fri,06:45 Fri,465,Winnersh,RG41 5HH,08:00 Fri,10:00 Fri,09:46 Fri,11:04 Fri,1,18,D,,11000,22,7,4,29,1,Store volume,SALT DOUBLE,,,,13:43 Fri,8,43,3,26,278,0,0,0,64.57,0,0,1,2,3,2,06:00 Fri,13:43 Fri,14:43 Fri,MIDIW,MIDIW,06:00 Fri,06:45 Fri,MIDIW,06:45 Fri,DD Trailer,14:43 Fri,,MIDIW AM BAND 2 Weekly,44T MIDIW,5548,0,26
22,1,4,MIDIW,06:00 Fri,06:45 Fri,465,Winnersh,RG41 5HH,00:01 Fri,23:59 Fri,11:04 Fri,11:14 Fri,0,10,C,,0,0,0,0,5,1,Store volume,SALT DOUBLE,,,,13:43 Fri,8,43,3,26,278,0,0,0,64.57,0,0,1,2,4,2,06:00 Fri,13:43 Fri,14:43 Fri,MIDIW,MIDIW,06:00 Fri,06:45 Fri,MIDIW,06:45 Fri,DD Trailer,14:43 Fri,,MIDIW AM BAND 2 Weekly,44T MIDIW,5620,137,0
23,1,1,MIDIW,06:00 Fri,06:45 Fri,343,Telford,TF2 6DN,08:00 Fri,10:00 Fri,08:29 Fri,09:45 Fri,1,16,D,,11460,23,5,4,28,1,Store volume,SALT DOUBLE,,,,14:09 Fri,9,9,4,10,327,0,0,0,67.78,0,0,1,1,1,1,06:00 Fri,14:09 Fri,15:09 Fri,MIDIW,MIDIW,06:00 Fri,06:45 Fri,MIDIW,06:45 Fri,DD Trailer,15:09 Fri,,MIDIW AM BAND 2 Weekly,44T MIDIW,5520,25,141
23,1,2,MIDIW,06:00 Fri,06:45 Fri,268,Shrewsbury,SY1 4EN,09:00 Fri,11:00 Fri,10:10 Fri,11:08 Fri,0,58,D,,4309,15,4,3,19,1,Store volume,SALT DOUBLE,,,,14:09 Fri,9,9,4,10,327,0,0,0,67.78,0,0,1,2,2,2,06:00 Fri,14:09 Fri,15:09 Fri,MIDIW,MIDIW,06:00 Fri,06:45 Fri,MIDIW,06:45 Fri,DD Trailer,15:09 Fri,,MIDIW AM BAND 2 Weekly,44T MIDIW,5486,0,25
23,1,3,MIDIW,06:00 Fri,06:45 Fri,268,Shrewsbury,SY1 4EN,00:01 Fri,23:59 Fri,11:08 Fri,11:18 Fri,0,10,C,,0,0,0,0,5,1,Store volume,SALT DOUBLE,,,,14:09 Fri,9,9,4,10,327,0,0,0,67.78,0,0,1,2,3,2,06:00 Fri,14:09 Fri,15:09 Fri,MIDIW,MIDIW,06:00 Fri,06:45 Fri,MIDIW,06:45 Fri,DD Trailer,15:09 Fri,,MIDIW AM BAND 2 Weekly,44T MIDIW,5585,160,0
24,1,1,MIDIW,06:00 Fri,06:45 Fri,351,Cirencester,GL7 1YQ,08:30 Fri,10:30 Fri,08:34 Fri,09:38 Fri,1,4,D,,8315,17,5,3,22,1,Store volume,SALT DOUBLE,,,,13:39 Fri,8,39,3,48,259,0,0,0,64.07,0,0,1,1,1,1,06:00 Fri,13:39 Fri,14:39 Fri,MIDIW,MIDIW,06:00 Fri,06:45 Fri,MIDIW,06:45 Fri,DD Trailer,14:39 Fri,,MIDIW AM BAND 2 Weekly,44T MIDIW,5525,0,124
24,1,2,MIDIW,06:00 Fri,06:45 Fri,351,Cirencester,GL7 1YQ,00:01 Fri,23:59 Fri,09:38 Fri,09:48 Fri,0,10,C,,0,0,0,0,5,1,Store volume,SALT DOUBLE,,,,13:39 Fri,8,39,3,48,259,0,0,0,64.07,0,0,1,1,2,1,06:00 Fri,13:39 Fri,14:39 Fri,MIDIW,MIDIW,06:00 Fri,06:45 Fri,MIDIW,06:45 Fri,DD Trailer,14:39 Fri,,MIDIW AM BAND 2 Weekly,44T MIDIW,5608,22,0
24,1,3,MIDIW,06:00 Fri,06:45 Fri,342,Swindon,SN2 8DH,09:00 Fri,11:00 Fri,10:10 Fri,11:02 Fri,0,52,D,,4625,13,3,3,16,1,Store volume,SALT DOUBLE,,,,13:39 Fri,8,39,3,48,259,0,0,0,64.07,0,0,1,2,3,2,06:00 Fri,13:39 Fri,14:39 Fri,MIDIW,MIDIW,06:00 Fri,06:45 Fri,MIDIW,06:45 Fri,DD Trailer,14:39 Fri,,MIDIW AM BAND 2 Weekly,44T MIDIW,5519,0,22
24,1,4,MIDIW,06:00 Fri,06:45 Fri,342,Swindon,SN2 8DH,00:01 Fri,23:59 Fri,11:02 Fri,11:12 Fri,0,10,C,,0,0,0,0,5,1,Store volume,SALT DOUBLE,,,,13:39 Fri,8,39,3,48,259,0,0,0,64.07,0,0,1,2,4,2,06:00 Fri,13:39 Fri,14:39 Fri,MIDIW,MIDIW,06:00 Fri,06:45 Fri,MIDIW,06:45 Fri,DD Trailer,14:39 Fri,,MIDIW AM BAND 2 Weekly,44T MIDIW,5604,113,0
25,1,1,HEMOB,05:33 Fri,06:03 Fri,495,Newbury,RG14 5EA,07:30 Fri,09:30 Fri,07:30 Fri,08:30 Fri,1,0,D,,5320,18,2,4,20,1,Store volume,DOUBLE DECK,,,,12:43 Fri,7,39,3,9,235,0,0,0,56.67,0,0,1,1,1,1,05:33 Fri,12:43 Fri,13:13 Fri,HEMOB,HEMOB,05:33 Fri,06:03 Fri,HEMOB,06:03 Fri,DD Trailer,13:13 Fri,,HEMOB AM Weekly,44T HEMOB,5554,51,113
25,1,2,HEMOB,05:33 Fri,06:03 Fri,312,Bracknell,RG12 1NS,09:00 Fri,11:00 Fri,09:13 Fri,10:43 Fri,1,30,D,,15728,24,11,3,35,1,Store volume,DOUBLE DECK,,,,12:43 Fri,7,39,3,9,235,0,0,0,56.67,0,0,1,2,2,2,05:33 Fri,12:43 Fri,13:13 Fri,HEMOB,HEMOB,05:33 Fri,06:03 Fri,HEMOB,06:03 Fri,DD Trailer,13:13 Fri,,HEMOB AM Weekly,44T HEMOB,5504,0,51
25,1,3,HEMOB,05:33 Fri,06:03 Fri,312,Bracknell,RG12 1NS,00:01 Fri,23:59 Fri,10:43 Fri,10:53 Fri,0,10,C,,0,0,0,0,5,1,Store volume,DOUBLE DECK,,,,12:43 Fri,7,39,3,9,235,0,0,0,56.67,0,0,1,2,3,2,05:33 Fri,12:43 Fri,13:13 Fri,HEMOB,HEMOB,05:33 Fri,06:03 Fri,HEMOB,06:03 Fri,DD Trailer,13:13 Fri,,HEMOB AM Weekly,44T HEMOB,5594,72,0
26,1,1,MIDIW,06:14 Fri,06:59 Fri,77,Bristol,BS30 7DA,07:30 Fri,09:30 Fri,09:30 Fri,10:52 Fri,1,22,D,,9385,24,7,5,31,1,Store volume,SALT DOUBLE,,,,16:54 Fri,11,40,5,41,383,0,0,0,86.42,1,20,1,1,1,1,06:14 Fri,16:54 Fri,17:54 Fri,MIDIW,MIDIW,06:14 Fri,06:59 Fri,MIDIW,06:59 Fri,DD Trailer,17:54 Fri,,MIDIW AM BAND 2 Weekly,44T MIDIW,5459,0,178
26,1,2,MIDIW,06:14 Fri,06:59 Fri,77,Bristol,BS30 7DA,00:01 Fri,23:59 Fri,10:52 Fri,11:02 Fri,0,10,C,,0,0,0,0,5,1,Store volume,SALT DOUBLE,,,,16:54 Fri,11,40,5,41,383,0,0,0,86.42,1,20,1,1,2,1,06:14 Fri,16:54 Fri,17:54 Fri,MIDIW,MIDIW,06:14 Fri,06:59 Fri,MIDIW,06:59 Fri,DD Trailer,17:54 Fri,,MIDIW AM BAND 2 Weekly,44T MIDIW,5573,32,0
26,1,3,MIDIW,06:14 Fri,06:59 Fri,275,Trowbridge,BA14 8RN,13:00 Fri,15:00 Fri,13:00 Fri,14:12 Fri,1,12,D,,9712,18,8,3,26,1,Store volume,SALT DOUBLE,,,,16:54 Fri,11,40,5,41,383,0,0,0,86.42,1,20,1,2,3,2,06:14 Fri,16:54 Fri,17:54 Fri,MIDIW,MIDIW,06:14 Fri,06:59 Fri,MIDIW,06:59 Fri,DD Trailer,17:54 Fri,,MIDIW AM BAND 2 Weekly,44T MIDIW,5488,0,32
26,1,4,MIDIW,06:14 Fri,06:59 Fri,275,Trowbridge,BA14 8RN,00:01 Fri,23:59 Fri,14:12 Fri,14:22 Fri,0,10,C,,0,0,0,0,5,1,Store volume,SALT DOUBLE,,,,16:54 Fri,11,40,5,41,383,0,0,0,86.42,1,20,1,2,4,2,06:14 Fri,16:54 Fri,17:54 Fri,MIDIW,MIDIW,06:14 Fri,06:59 Fri,MIDIW,06:59 Fri,DD Trailer,17:54 Fri,,MIDIW AM BAND 2 Weekly,44T MIDIW,5586,173,0
27,1,1,HEMOB,07:31 Fri,08:01 Fri,314,Maidstone,ME16 0SN,09:30 Fri,11:30 Fri,09:30 Fri,10:32 Fri,1,2,D,,6419,17,4,3,21,1,Store volume,DOUBLE DECK,,,,16:15 Fri,9,14,4,50,363,0,0,0,68.4,0,0,1,1,1,1,07:31 Fri,16:15 Fri,16:45 Fri,HEMOB,HEMOB,07:31 Fri,08:01 Fri,HEMOB,08:01 Fri,DD Trailer,16:45 Fri,,HEMOB AM Weekly,44T HEMOB,5505,74,112
27,1,2,HEMOB,07:31 Fri,08:01 Fri,344,Broadstairs,CT10 2QW,10:00 Fri,12:00 Fri,11:35 Fri,12:57 Fri,1,22,D,,15450,22,9,4,31,1,Store volume,DOUBLE DECK,,,,16:15 Fri,9,14,4,50,363,0,0,0,68.4,0,0,1,2,2,2,07:31 Fri,16:15 Fri,16:45 Fri,HEMOB,HEMOB,07:31 Fri,08:01 Fri,HEMOB,08:01 Fri,DD Trailer,16:45 Fri,,HEMOB AM Weekly,44T HEMOB,5521,0,74
27,1,3,HEMOB,07:31 Fri,08:01 Fri,344,Broadstairs,CT10 2QW,00:01 Fri,23:59 Fri,12:57 Fri,13:57 Fri,1,0,C,,0,0,0,0,5,1,Store volume,DOUBLE DECK,,,,16:15 Fri,9,14,4,50,363,0,0,0,68.4,0,0,1,2,3,2,07:31 Fri,16:15 Fri,16:45 Fri,HEMOB,HEMOB,07:31 Fri,08:01 Fri,HEMOB,08:01 Fri,DD Trailer,16:45 Fri,,HEMOB AM Weekly,44T HEMOB,5605,177,0
28,1,1,MIDIW,09:59 Fri,10:44 Fri,488,Rugby,CV21 1SS,11:00 Fri,13:00 Fri,11:21 Fri,12:17 Fri,0,56,D,,5741,15,3,3,18,1,Store volume,SALT DOUBLE,,,,16:49 Fri,9,6,2,23,152,71,1,4,67.41,1,6,2,1,1,1,09:59 Fri,16:49 Fri,17:19 Fri,MIDIW,MIDIW,09:59 Fri,10:44 Fri,MIDIW,10:44 Fri,DD Trailer,19:05 Fri,,MIDIW AM BAND 3 Weekly,44T MIDIW,5553,35,46
28,1,2,MIDIW,09:59 Fri,10:44 Fri,94,Leicester,LE1 1SG,14:00 Fri,16:00 Fri,14:00 Fri,15:00 Fri,1,0,D,,5607,15,5,4,20,1,Store volume,SALT DOUBLE,,,,16:49 Fri,9,6,2,23,152,71,1,4,67.41,1,6,2,2,2,2,09:59 Fri,16:49 Fri,17:19 Fri,MIDIW,MIDIW,09:59 Fri,10:44 Fri,MIDIW,10:44 Fri,DD Trailer,19:05 Fri,,MIDIW AM BAND 3 Weekly,44T MIDIW,5465,70,35
28,2,1,MIDIW,09:59 Fri,17:34 Fri,10011,CONNECTIONS,NN4 7PN,00:01 Fri,23:59 Fri,17:39 Fri,18:00 Fri,0,21,C,CONNECTIONS,0,0,0,0,1,1,Store volume,SALT DOUBLE,,,,18:05 Fri,9,6,2,23,152,71,1,4,67.41,1,6,2,3,3,1,17:19 Fri,18:05 Fri,19:05 Fri,MIDIW,MIDIW,17:19 Fri,17:34 Fri,MIDIW,17:34 Fri,DD Trailer,19:05 Fri,,MIDIW AM BAND 3 Weekly,44T MIDIW,5372,1,1
29,1,1,MIDIW,09:50 Fri,10:35 Fri,367,Hereford,HR4 9EZ,13:00 Fri,15:00 Fri,13:00 Fri,14:08 Fri,1,8,D,,9740,17,7,3,24,1,Store volume,SALT DOUBLE,,,,19:13 Fri,10,23,5,24,385,0,0,0,76.91,0,0,1,1,1,1,09:50 Fri,19:13 Fri,20:13 Fri,MIDIW,MIDIW,09:50 Fri,10:35 Fri,MIDIW,10:35 Fri,DD Trailer,20:13 Fri,,MIDIW AM BAND 3 Weekly,44T MIDIW,5530,0,176
29,1,2,MIDIW,09:50 Fri,10:35 Fri,367,Hereford,HR4 9EZ,00:01 Fri,23:59 Fri,14:08 Fri,14:18 Fri,0,10,C,,0,0,0,0,5,1,Store volume,SALT DOUBLE,,,,19:13 Fri,10,23,5,24,385,0,0,0,76.91,0,0,1,1,2,1,09:50 Fri,19:13 Fri,20:13 Fri,MIDIW,MIDIW,09:50 Fri,10:35 Fri,MIDIW,10:35 Fri,DD Trailer,20:13 Fri,,MIDIW AM BAND 3 Weekly,44T MIDIW,5611,69,0
29,1,3,MIDIW,09:50 Fri,10:35 Fri,74,Cheltenham,GL51 9AD,14:30 Fri,16:30 Fri,16:11 Fri,17:17 Fri,1,6,D,,6540,18,5,4,23,1,Store volume,SALT DOUBLE,,,,19:13 Fri,10,23,5,24,385,0,0,0,76.91,0,0,1,2,3,2,09:50 Fri,19:13 Fri,20:13 Fri,MIDIW,MIDIW,09:50 Fri,10:35 Fri,MIDIW,10:35 Fri,DD Trailer,20:13 Fri,,MIDIW AM BAND 3 Weekly,44T MIDIW,5456,140,69
30,1,1,HEMOB,12:00 Fri,12:30 Fri,385,Guildford,GU1 1EH,12:15 Fri,14:15 Fri,13:29 Fri,14:33 Fri,1,4,D,,9610,17,5,3,22,1,Store volume,DOUBLE DECK,,,,19:50 Fri,8,20,4,4,278,0,0,0,69.44,0,0,1,1,1,1,12:00 Fri,19:50 Fri,20:20 Fri,HEMOB,HEMOB,12:00 Fri,12:30 Fri,HEMOB,12:30 Fri,DD Trailer,20:20 Fri,,HEMOB PM Weekly,44T HEMOB,5536,0,77
30,1,2,HEMOB,12:00 Fri,12:30 Fri,385,Guildford,GU1 1EH,00:01 Fri,23:59 Fri,14:33 Fri,14:43 Fri,0,10,C,,0,0,0,0,5,1,Store volume,DOUBLE DECK,,,,19:50 Fri,8,20,4,4,278,0,0,0,69.44,0,0,1,1,2,1,12:00 Fri,19:50 Fri,20:20 Fri,HEMOB,HEMOB,12:00 Fri,12:30 Fri,HEMOB,12:30 Fri,DD Trailer,20:20 Fri,,HEMOB PM Weekly,44T HEMOB,5613,65,0
30,1,3,HEMOB,12:00 Fri,12:30 Fri,221,Worthing,BN14 8JP,14:30 Fri,16:30 Fri,15:52 Fri,16:54 Fri,1,2,D,,7176,15,6,3,21,1,Store volume,DOUBLE DECK,,,,19:50 Fri,8,20,4,4,278,0,0,0,69.44,0,0,1,2,3,2,12:00 Fri,19:50 Fri,20:20 Fri,HEMOB,HEMOB,12:00 Fri,12:30 Fri,HEMOB,12:30 Fri,DD Trailer,20:20 Fri,,HEMOB PM Weekly,44T HEMOB,5472,0,65
30,1,4,HEMOB,12:00 Fri,12:30 Fri,221,Worthing,BN14 8JP,00:01 Fri,23:59 Fri,16:54 Fri,17:04 Fri,0,10,C,,0,0,0,0,5,1,Store volume,DOUBLE DECK,,,,19:50 Fri,8,20,4,4,278,0,0,0,69.44,0,0,1,2,4,2,12:00 Fri,19:50 Fri,20:20 Fri,HEMOB,HEMOB,12:00 Fri,12:30 Fri,HEMOB,12:30 Fri,DD Trailer,20:20 Fri,,HEMOB PM Weekly,44T HEMOB,5581,136,0
31,1,1,HEMOB,12:00 Fri,12:30 Fri,281,Blackheath,SE10 8DA,13:00 Fri,15:00 Fri,13:48 Fri,14:48 Fri,1,0,D,,5899,15,5,3,20,1,Store volume,DOUBLE DECK,,,,18:42 Fri,7,12,3,0,176,0,0,0,60,0,0,1,1,1,1,12:00 Fri,18:42 Fri,19:12 Fri,HEMOB,HEMOB,12:00 Fri,12:30 Fri,HEMOB,12:30 Fri,DD Trailer,19:12 Fri,,HEMOB PM Weekly,44T HEMOB,5491,0,72
31,1,2,HEMOB,12:00 Fri,12:30 Fri,281,Blackheath,SE10 8DA,00:01 Fri,23:59 Fri,14:48 Fri,14:58 Fri,0,10,C,,0,0,0,0,5,1,Store volume,DOUBLE DECK,,,,18:42 Fri,7,12,3,0,176,0,0,0,60,0,0,1,1,2,1,12:00 Fri,18:42 Fri,19:12 Fri,HEMOB,HEMOB,12:00 Fri,12:30 Fri,HEMOB,12:30 Fri,DD Trailer,19:12 Fri,,HEMOB PM Weekly,44T HEMOB,5587,10,0
31,1,3,HEMOB,12:00 Fri,12:30 Fri,370,Plumstead,SE18 2BG,14:00 Fri,16:00 Fri,15:20 Fri,16:32 Fri,1,12,D,,13652,20,6,3,26,1,Store volume,DOUBLE DECK,,,,18:42 Fri,7,12,3,0,176,0,0,0,60,0,0,1,2,3,2,12:00 Fri,18:42 Fri,19:12 Fri,HEMOB,HEMOB,12:00 Fri,12:30 Fri,HEMOB,12:30 Fri,DD Trailer,19:12 Fri,,HEMOB PM Weekly,44T HEMOB,5532,95,10
32,1,1,MIDIW,12:24 Fri,13:09 Fri,309,Epsom,KT17 1EQ,14:30 Fri,16:30 Fri,15:00 Fri,16:38 Fri,1,38,D,,15831,30,9,4,39,1,Store volume,SALT DOUBLE,,,,21:39 Fri,10,15,5,10,309,151,2,57,85.42,0,0,1,1,1,1,12:24 Fri,21:39 Fri,22:39 Fri,MIDIW,MIDIW,12:24 Fri,13:09 Fri,MIDIW,13:09 Fri,DD Trailer,22:39 Fri,,MIDIW PM BAND 1 Weekly,44T MIDIW,5502,13,144
32,1,2,MIDIW,12:24 Fri,13:09 Fri,59,Wimbledon,SW17 0BW,17:00 Fri,19:00 Fri,17:00 Fri,17:52 Fri,0,52,D,,6052,12,4,3,16,1,Store volume,SALT DOUBLE,,,,21:39 Fri,10,15,5,10,309,151,2,57,85.42,0,0,1,2,2,2,12:24 Fri,21:39 Fri,22:39 Fri,MIDIW,MIDIW,12:24 Fri,13:09 Fri,MIDIW,13:09 Fri,DD Trailer,22:39 Fri,,MIDIW PM BAND 1 Weekly,44T MIDIW,5452,151,13
33,1,1,MIDIW,13:08 Fri,13:53 Fri,233,Chatham,ME4 6AA,16:00 Fri,18:00 Fri,16:00 Fri,17:00 Fri,1,0,D,,7328,16,4,3,20,1,Store volume,SALT DOUBLE,,,,23:04 Fri,10,57,6,8,331,0,0,0,91.25,0,0,1,1,1,1,13:08 Fri,23:04 Fri,00:04 Sat,MIDIW,MIDIW,13:08 Fri,13:53 Fri,MIDIW,13:53 Fri,DD Trailer,00:04 Sat,,MIDIW PM BAND 1 Weekly,44T MIDIW,5476,47,165
33,1,2,MIDIW,13:08 Fri,13:53 Fri,83,Catford,SE6 4NU,17:00 Fri,20:00 Fri,17:51 Fri,19:45 Fri,1,54,D,,12674,13,9,3,22,1,Store volume,SALT DOUBLE,,,,23:04 Fri,10,57,6,8,331,0,0,0,91.25,0,0,1,2,2,2,13:08 Fri,23:04 Fri,00:04 Sat,MIDIW,MIDIW,13:08 Fri,13:53 Fri,MIDIW,13:53 Fri,DD Trailer,00:04 Sat,,MIDIW PM BAND 1 Weekly,44T MIDIW,5463,0,47
33,1,3,MIDIW,13:08 Fri,13:53 Fri,83,Catford,SE6 4NU,00:01 Fri,23:59 Fri,19:45 Fri,19:55 Fri,0,10,C,,0,0,0,0,5,1,Store volume,SALT DOUBLE,,,,23:04 Fri,10,57,6,8,331,0,0,0,91.25,0,0,1,2,3,2,13:08 Fri,23:04 Fri,00:04 Sat,MIDIW,MIDIW,13:08 Fri,13:53 Fri,MIDIW,13:53 Fri,DD Trailer,00:04 Sat,,MIDIW PM BAND 1 Weekly,44T MIDIW,5576,119,0
34,1,1,MIDIW,11:32 Fri,12:17 Fri,243,Waltham Cross,EN8 7BF,13:30 Fri,15:30 Fri,13:30 Fri,14:50 Fri,1,20,D,,20702,23,7,3,30,1,Store volume,SALT DOUBLE,,,,19:48 Fri,10,42,5,12,295,151,3,3,79.26,0,0,2,1,1,1,11:32 Fri,19:48 Fri,20:18 Fri,MIDIW,MIDIW,11:32 Fri,12:17 Fri,MIDIW,12:17 Fri,DD Trailer,22:13 Fri,,MIDIW AM BAND 4 Weekly,44T MIDIW,5479,27,99
34,1,2,MIDIW,11:32 Fri,12:17 Fri,372,Chadwell Heath,RM6 4HX,13:30 Fri,15:30 Fri,15:25 Fri,16:15 Fri,0,50,D,,6254,11,4,3,15,1,Store volume,SALT DOUBLE,,,,19:48 Fri,10,42,5,12,295,151,3,3,79.26,0,0,2,2,2,2,11:32 Fri,19:48 Fri,20:18 Fri,MIDIW,MIDIW,11:32 Fri,12:17 Fri,MIDIW,12:17 Fri,DD Trailer,22:13 Fri,,MIDIW AM BAND 4 Weekly,44T MIDIW,5534,132,27
34,2,1,MIDIW,11:32 Fri,20:33 Fri,NETOB,NETHEROB,NN7 3LB,00:01 Fri,23:59 Fri,20:53 Fri,20:53 Fri,0,0,C,NETHER IW,0,0,0,0,1,1,Store volume,SALT DOUBLE,,,,21:13 Fri,10,42,5,12,295,151,3,3,79.26,0,0,2,3,3,1,20:18 Fri,21:13 Fri,22:13 Fri,MIDIW,MIDIW,20:18 Fri,20:33 Fri,MIDIW,20:33 Fri,DD Trailer,22:13 Fri,,MIDIW AM BAND 4 Weekly,44T MIDIW,5353,19,19
36,1,1,WAKEIW,04:44 Fri,05:29 Fri,355,Boston,PE21 8QN,07:00 Fri,09:00 Fri,07:27 Fri,08:39 Fri,1,12,D,,11454,18,8,3,26,1,Store volume,WAKE DOUBLE,,,,13:49 Fri,10,5,4,44,323,0,0,0,74.69,0,0,1,1,1,1,04:44 Fri,13:49 Fri,14:49 Fri,WAKEIW,WAKEIW,04:44 Fri,05:29 Fri,WAKEIW,05:29 Fri,DD Trailer,14:49 Fri,,WAKEIW AM BAND 1 Weekly,44T WAKEIW,5527,49,146
36,1,2,WAKEIW,04:44 Fri,05:29 Fri,443,Grantham,NG31 9HX,09:30 Fri,11:30 Fri,09:30 Fri,11:24 Fri,1,54,D,,8933,17,5,3,22,1,Store volume,WAKE DOUBLE,,,,13:49 Fri,10,5,4,44,323,0,0,0,74.69,0,0,1,2,2,2,04:44 Fri,13:49 Fri,14:49 Fri,WAKEIW,WAKEIW,04:44 Fri,05:29 Fri,WAKEIW,05:29 Fri,DD Trailer,14:49 Fri,,WAKEIW AM BAND 1 Weekly,44T WAKEIW,5544,0,49
36,1,3,WAKEIW,04:44 Fri,05:29 Fri,443,Grantham,NG31 9HX,00:01 Fri,23:59 Fri,11:24 Fri,11:34 Fri,0,10,C,,0,0,0,0,5,1,Store volume,WAKE DOUBLE,,,,13:49 Fri,10,5,4,44,323,0,0,0,74.69,0,0,1,2,3,2,04:44 Fri,13:49 Fri,14:49 Fri,WAKEIW,WAKEIW,04:44 Fri,05:29 Fri,WAKEIW,05:29 Fri,DD Trailer,14:49 Fri,,WAKEIW AM BAND 1 Weekly,44T WAKEIW,5617,77,0
36,1,4,WAKEIW,04:44 Fri,05:29 Fri,10039,RONSEAL (BAWTRY),DN11 9HE,00:01 Fri,23:59 Fri,12:40 Fri,13:00 Fri,0,20,C,Collection Date -17/06/2016,0,22,0,0,0,1,Store volume,WAKE DOUBLE,741088 / MAN-04804739,Sarah Robinson - 01302 756517,sherwin.planning@dhl.com,13:49 Fri,10,5,4,44,323,0,0,0,74.69,0,0,1,3,4,3,04:44 Fri,13:49 Fri,14:49 Fri,WAKEIW,WAKEIW,04:44 Fri,05:29 Fri,WAKEIW,05:29 Fri,DD Trailer,14:49 Fri,,WAKEIW AM BAND 1 Weekly,44T WAKEIW,5437,51,77
37,1,1,WAKEIW,07:59 Fri,08:44 Fri,301,Warrington,WA2 7XA,09:45 Fri,11:45 Fri,10:04 Fri,11:02 Fri,0,58,D,,6374,16,3,3,19,1,Store volume,WAKE DOUBLE,,,,17:45 Fri,10,46,4,30,320,0,0,0,79.75,1,14,1,1,1,1,07:59 Fri,17:45 Fri,18:45 Fri,WAKEIW,WAKEIW,07:59 Fri,08:44 Fri,WAKEIW,08:44 Fri,DD Trailer,18:45 Fri,,WAKEIW AM BAND 2 Weekly,44T WAKEIW,5500,0,103
37,1,2,WAKEIW,07:59 Fri,08:44 Fri,301,Warrington,WA2 7XA,00:01 Fri,23:59 Fri,11:02 Fri,11:02 Fri,0,0,C,,0,0,0,0,5,1,Store volume,WAKE DOUBLE,,,,17:45 Fri,10,46,4,30,320,0,0,0,79.75,1,14,1,1,2,1,07:59 Fri,17:45 Fri,18:45 Fri,WAKEIW,WAKEIW,07:59 Fri,08:44 Fri,WAKEIW,08:44 Fri,DD Trailer,18:45 Fri,,WAKEIW AM BAND 2 Weekly,44T WAKEIW,5591,48,0
37,1,3,WAKEIW,07:59 Fri,08:44 Fri,298,Birkenhead,CH41 9DF,13:00 Fri,15:00 Fri,13:00 Fri,15:00 Fri,2,0,D,,10733,21,4,3,25,1,Store volume,WAKE DOUBLE,,,,17:45 Fri,10,46,4,30,320,0,0,0,79.75,1,14,1,2,3,2,07:59 Fri,17:45 Fri,18:45 Fri,WAKEIW,WAKEIW,07:59 Fri,08:44 Fri,WAKEIW,08:44 Fri,DD Trailer,18:45 Fri,,WAKEIW AM BAND 2 Weekly,44T WAKEIW,5498,47,48
37,1,4,WAKEIW,07:59 Fri,08:44 Fri,10041,RUBEROID APPLEY,WN6 9AB,00:01 Fri,23:59 Fri,15:52 Fri,16:12 Fri,0,20,C,Collection Date -17/06/2016,0,22,0,0,0,1,Store volume,WAKE DOUBLE,po740458,angela o'leary - 01257 255771,aoleary@ikogroup.co.uk,17:45 Fri,10,46,4,30,320,0,0,0,79.75,1,14,1,3,4,3,07:59 Fri,17:45 Fri,18:45 Fri,WAKEIW,WAKEIW,07:59 Fri,08:44 Fri,WAKEIW,08:44 Fri,DD Trailer,18:45 Fri,,WAKEIW AM BAND 2 Weekly,44T WAKEIW,5432,122,47
38,1,1,WAKEIW,04:45 Fri,05:30 Fri,231,Stoke,ST4 2HT,07:30 Fri,09:30 Fri,07:30 Fri,08:38 Fri,1,8,D,,7136,20,4,6,24,1,Store volume,WAKE DOUBLE,,,,14:52 Fri,11,7,5,54,438,0,0,0,82.35,0,0,1,1,1,1,04:45 Fri,14:52 Fri,15:52 Fri,WAKEIW,WAKEIW,04:45 Fri,05:30 Fri,WAKEIW,05:30 Fri,DD Trailer,15:52 Fri,,WAKEIW AM BAND 1 Weekly,44T WAKEIW,5475,67,158
38,1,2,WAKEIW,04:45 Fri,05:30 Fri,308,Wrexham,LL13 8DE,07:30 Fri,09:30 Fri,09:47 Fri,11:47 Fri,2,0,D,,7877,21,4,5,25,1,Store volume,WAKE DOUBLE,,,,14:52 Fri,11,7,5,54,438,0,0,0,82.35,0,0,1,2,2,2,04:45 Fri,14:52 Fri,15:52 Fri,WAKEIW,WAKEIW,04:45 Fri,05:30 Fri,WAKEIW,05:30 Fri,DD Trailer,15:52 Fri,,WAKEIW AM BAND 1 Weekly,44T WAKEIW,5501,0,67
38,1,3,WAKEIW,04:45 Fri,05:30 Fri,308,Wrexham,LL13 8DE,00:01 Fri,23:59 Fri,11:47 Fri,11:47 Fri,0,0,C,,0,0,0,0,5,1,Store volume,WAKE DOUBLE,,,,14:52 Fri,11,7,5,54,438,0,0,0,82.35,0,0,1,2,3,2,04:45 Fri,14:52 Fri,15:52 Fri,WAKEIW,WAKEIW,04:45 Fri,05:30 Fri,WAKEIW,05:30 Fri,DD Trailer,15:52 Fri,,WAKEIW AM BAND 1 Weekly,44T WAKEIW,5592,92,0
38,1,4,WAKEIW,04:45 Fri,05:30 Fri,10041,RUBEROID APPLEY,WN6 9AB,00:01 Fri,23:59 Fri,12:59 Fri,13:19 Fri,0,20,C,Collection Date -17/06/2016,0,22,0,0,0,1,Store volume,WAKE DOUBLE,po740453,angela o'leary - 01257 255 77,aoleary@ikogroup.co.uk,14:52 Fri,11,7,5,54,438,0,0,0,82.35,0,0,1,3,4,3,04:45 Fri,14:52 Fri,15:52 Fri,WAKEIW,WAKEIW,04:45 Fri,05:30 Fri,WAKEIW,05:30 Fri,DD Trailer,15:52 Fri,,WAKEIW AM BAND 1 Weekly,44T WAKEIW,5431,122,92
39,1,1,WAKEIW,06:06 Fri,06:51 Fri,364,Bulwell,NG6 9AJ,08:15 Fri,10:15 Fri,08:15 Fri,09:39 Fri,1,24,D,,11251,27,5,5,32,1,Store volume,WAKE DOUBLE,,,,14:17 Fri,9,11,3,34,228,0,0,0,68.02,0,0,1,1,1,1,06:06 Fri,14:17 Fri,15:17 Fri,WAKEIW,WAKEIW,06:06 Fri,06:51 Fri,WAKEIW,06:51 Fri,DD Trailer,15:17 Fri,,WAKEIW AM BAND 2 Weekly,44T WAKEIW,5529,12,103
39,1,2,WAKEIW,06:06 Fri,06:51 Fri,71,Nottingham Central,NG2 1GW,09:00 Fri,11:00 Fri,09:57 Fri,11:05 Fri,1,8,D,,10722,17,7,3,24,1,Store volume,WAKE DOUBLE,,,,14:17 Fri,9,11,3,34,228,0,0,0,68.02,0,0,1,2,2,2,06:06 Fri,14:17 Fri,15:17 Fri,WAKEIW,WAKEIW,06:06 Fri,06:51 Fri,WAKEIW,06:51 Fri,DD Trailer,15:17 Fri,,WAKEIW AM BAND 2 Weekly,44T WAKEIW,5455,0,12
39,1,3,WAKEIW,06:06 Fri,06:51 Fri,71,Nottingham Central,NG2 1GW,00:01 Fri,23:59 Fri,11:05 Fri,11:15 Fri,0,10,C,,0,0,0,0,5,1,Store volume,WAKE DOUBLE,,,,14:17 Fri,9,11,3,34,228,0,0,0,68.02,0,0,1,2,3,2,06:06 Fri,14:17 Fri,15:17 Fri,WAKEIW,WAKEIW,06:06 Fri,06:51 Fri,WAKEIW,06:51 Fri,DD Trailer,15:17 Fri,,WAKEIW AM BAND 2 Weekly,44T WAKEIW,5571,73,0
39,1,4,WAKEIW,06:06 Fri,06:51 Fri,10036,RETWALL / ERFURT,DN12 1QB,00:01 Fri,23:59 Fri,13:18 Fri,13:38 Fri,0,20,C,Collection Date -17/06/2016,0,23,0,0,0,1,Store volume,WAKE DOUBLE,740928,Caz - 01427 616597,c.cuckson@retwall.co.uk,14:17 Fri,9,11,3,34,228,0,0,0,68.02,0,0,1,3,4,3,06:06 Fri,14:17 Fri,15:17 Fri,WAKEIW,WAKEIW,06:06 Fri,06:51 Fri,WAKEIW,06:51 Fri,DD Trailer,15:17 Fri,,WAKEIW AM BAND 2 Weekly,44T WAKEIW,5436,40,73
40,1,1,WAKEIW,05:59 Fri,06:44 Fri,368,Mansfield,NG19 7AP,08:30 Fri,10:30 Fri,08:30 Fri,09:32 Fri,1,2,D,,8225,17,4,3,21,1,Store volume,WAKE DOUBLE,,,,13:53 Fri,10,32,3,29,230,16,0,17,78.02,0,35,2,1,1,1,05:59 Fri,13:53 Fri,14:23 Fri,WAKEIW,WAKEIW,05:59 Fri,06:44 Fri,WAKEIW,06:44 Fri,DD Trailer,16:31 Fri,,WAKEIW AM BAND 1 Weekly,44T WAKEIW,5531,7,84
40,1,2,WAKEIW,05:59 Fri,06:44 Fri,67,Sutton in Ashfield,NG17 5EF,09:30 Fri,11:30 Fri,09:45 Fri,11:01 Fri,1,16,D,,11565,21,7,4,28,1,Store volume,WAKE DOUBLE,,,,13:53 Fri,10,32,3,29,230,16,0,17,78.02,0,35,2,2,2,2,05:59 Fri,13:53 Fri,14:23 Fri,WAKEIW,WAKEIW,05:59 Fri,06:44 Fri,WAKEIW,06:44 Fri,DD Trailer,16:31 Fri,,WAKEIW AM BAND 1 Weekly,44T WAKEIW,5454,0,7
40,1,3,WAKEIW,05:59 Fri,06:44 Fri,67,Sutton in Ashfield,NG17 5EF,00:01 Fri,23:59 Fri,11:01 Fri,11:11 Fri,0,10,C,,0,0,0,0,5,1,Store volume,WAKE DOUBLE,,,,13:53 Fri,10,32,3,29,230,16,0,17,78.02,0,35,2,2,3,2,05:59 Fri,13:53 Fri,14:23 Fri,WAKEIW,WAKEIW,05:59 Fri,06:44 Fri,WAKEIW,06:44 Fri,DD Trailer,16:31 Fri,,WAKEIW AM BAND 1 Weekly,44T WAKEIW,5570,92,0
40,1,4,WAKEIW,05:59 Fri,06:44 Fri,10020,GOWER,LS27 0LH,00:01 Fri,23:59 Fri,13:17 Fri,13:37 Fri,0,20,C,Collection Date -17/06/2016,0,36,0,0,0,1,Store volume,WAKE DOUBLE,740474,OLGA - 1132013417,OKonstantinova@gower-furniture.co.uk,13:53 Fri,10,32,3,29,230,16,0,17,78.02,0,35,2,3,4,3,05:59 Fri,13:53 Fri,14:23 Fri,WAKEIW,WAKEIW,05:59 Fri,06:44 Fri,WAKEIW,06:44 Fri,DD Trailer,16:31 Fri,,WAKEIW AM BAND 1 Weekly,44T WAKEIW,5443,16,92
40,2,1,WAKEIW,05:59 Fri,14:38 Fri,10020,GOWER,LS27 0LH,00:01 Fri,23:59 Fri,14:55 Fri,15:15 Fri,0,20,C,Collection Date -17/06/2016,0,36,0,0,0,1,Store volume,WAKE DOUBLE,740471,OLGA - 1132013417,OKonstantinova@gower-furniture.co.uk,15:31 Fri,10,32,3,29,230,16,0,17,78.02,0,35,2,4,5,1,14:23 Fri,15:31 Fri,16:31 Fri,WAKEIW,WAKEIW,14:23 Fri,14:38 Fri,WAKEIW,14:38 Fri,DD Trailer,16:31 Fri,,WAKEIW AM BAND 1 Weekly,44T WAKEIW,5441,16,16
41,1,1,WAKEIW,07:58 Fri,08:43 Fri,468,Sheffield Crystal Peaks,S20 7JJ,09:00 Fri,11:00 Fri,09:34 Fri,10:46 Fri,1,12,D,,8663,21,5,3,26,1,Store volume,WAKE DOUBLE,,,,16:22 Fri,9,23,3,56,274,101,1,36,69.51,0,0,1,1,1,1,07:58 Fri,16:22 Fri,17:22 Fri,WAKEIW,WAKEIW,07:58 Fri,08:43 Fri,WAKEIW,08:43 Fri,DD Trailer,17:22 Fri,,WAKEIW AM BAND 2 Weekly,44T WAKEIW,5549,12,61
41,1,2,WAKEIW,07:58 Fri,08:43 Fri,412,Sheffield North,S3 8DQ,11:00 Fri,13:00 Fri,11:00 Fri,12:20 Fri,1,20,D,,10339,24,6,5,30,1,Store volume,WAKE DOUBLE,,,,16:22 Fri,9,23,3,56,274,101,1,36,69.51,0,0,1,2,2,2,07:58 Fri,16:22 Fri,17:22 Fri,WAKEIW,WAKEIW,07:58 Fri,08:43 Fri,WAKEIW,08:43 Fri,DD Trailer,17:22 Fri,,WAKEIW AM BAND 2 Weekly,44T WAKEIW,5539,101,12
41,1,3,WAKEIW,07:58 Fri,08:43 Fri,10021,GRAHAM & BROWN,BB12 7NG,00:01 Fri,23:59 Fri,14:46 Fri,15:06 Fri,0,20,C,Collection Date -17/06/2016,0,13,0,0,0,1,Store volume,WAKE DOUBLE,740521,Jenny Beck - 01254 691321,jenny.beck@grahambrown.com,16:22 Fri,9,23,3,56,274,101,1,36,69.51,0,0,1,3,3,3,07:58 Fri,16:22 Fri,17:22 Fri,WAKEIW,WAKEIW,07:58 Fri,08:43 Fri,WAKEIW,08:43 Fri,DD Trailer,17:22 Fri,,WAKEIW AM BAND 2 Weekly,44T WAKEIW,5439,100,101
43,1,1,WAKEIW,10:00 Fri,10:45 Fri,267,Pontefract,WF8 4PR,10:00 Fri,12:00 Fri,10:55 Fri,12:07 Fri,1,12,D,,11320,20,6,3,26,1,Store volume,WAKE DOUBLE,,,,19:23 Fri,10,23,4,56,386,184,2,17,76.91,0,0,1,1,1,1,10:00 Fri,19:23 Fri,20:23 Fri,WAKEIW,WAKEIW,10:00 Fri,10:45 Fri,WAKEIW,10:45 Fri,DD Trailer,20:23 Fri,,WAKEIW AM BAND 4 Weekly,44T WAKEIW,5485,167,7
43,1,2,WAKEIW,10:00 Fri,10:45 Fri,229,Wallsend,NE28 9NT,13:30 Fri,15:30 Fri,14:10 Fri,16:20 Fri,2,10,D,,9602,23,7,5,30,1,Store volume,WAKE DOUBLE,,,,19:23 Fri,10,23,4,56,386,184,2,17,76.91,0,0,1,2,2,2,10:00 Fri,19:23 Fri,20:23 Fri,WAKEIW,WAKEIW,10:00 Fri,10:45 Fri,WAKEIW,10:45 Fri,DD Trailer,20:23 Fri,,WAKEIW AM BAND 4 Weekly,44T WAKEIW,5474,184,167
43,1,3,WAKEIW,10:00 Fri,10:45 Fri,10034,PREMDOR,S75 5JS,00:01 Fri,23:59 Fri,18:37 Fri,18:57 Fri,0,20,C,Collection Date -17/06/2016,0,24,0,0,0,1,Store volume,WAKE DOUBLE,various,marie - 1226392024,mlarder@premdor.com,19:23 Fri,10,23,4,56,386,184,2,17,76.91,0,0,1,3,3,3,10:00 Fri,19:23 Fri,20:23 Fri,WAKEIW,WAKEIW,10:00 Fri,10:45 Fri,WAKEIW,10:45 Fri,DD Trailer,20:23 Fri,,WAKEIW AM BAND 4 Weekly,44T WAKEIW,5447,28,184
44,1,1,WAKEIW,12:00 Fri,12:45 Fri,348,Newcastle,NE5 2SF,13:45 Fri,15:45 Fri,14:53 Fri,16:15 Fri,1,22,D,,16038,22,9,5,31,1,Store volume,WAKE DOUBLE,,,,19:23 Fri,8,23,4,16,335,0,0,0,69.86,0,0,1,1,1,1,12:00 Fri,19:23 Fri,20:23 Fri,WAKEIW,WAKEIW,12:00 Fri,12:45 Fri,WAKEIW,12:45 Fri,DD Trailer,20:23 Fri,,WAKEIW PM BAND 1 Weekly,44T WAKEIW,5523,0,171
44,1,2,WAKEIW,12:00 Fri,12:45 Fri,348,Newcastle,NE5 2SF,00:01 Fri,23:59 Fri,16:15 Fri,16:25 Fri,0,10,C,,0,0,0,0,5,1,Store volume,WAKE DOUBLE,,,,19:23 Fri,8,23,4,16,335,0,0,0,69.86,0,0,1,1,2,1,12:00 Fri,19:23 Fri,20:23 Fri,WAKEIW,WAKEIW,12:00 Fri,12:45 Fri,WAKEIW,12:45 Fri,DD Trailer,20:23 Fri,,WAKEIW PM BAND 1 Weekly,44T WAKEIW,5607,164,0
46,1,1,WAKEIW,05:42 Fri,06:27 Fri,79,Derby,DE24 8WA,08:00 Fri,10:00 Fri,08:00 Fri,09:22 Fri,1,22,D,,14200,25,6,4,31,1,Store volume,WAKE DOUBLE,,,,14:27 Fri,9,45,4,12,279,0,0,0,72.22,0,0,1,1,1,1,05:42 Fri,14:27 Fri,15:27 Fri,WAKEIW,WAKEIW,05:42 Fri,06:27 Fri,WAKEIW,06:27 Fri,DD Trailer,15:27 Fri,,WAKEIW AM BAND 1 Weekly,44T WAKEIW,5461,0,114
46,1,2,WAKEIW,05:42 Fri,06:27 Fri,79,Derby,DE24 8WA,00:01 Fri,23:59 Fri,09:22 Fri,09:32 Fri,0,10,C,,0,0,0,0,5,1,Store volume,WAKE DOUBLE,,,,14:27 Fri,9,45,4,12,279,0,0,0,72.22,0,0,1,1,2,1,05:42 Fri,14:27 Fri,15:27 Fri,WAKEIW,WAKEIW,05:42 Fri,06:27 Fri,WAKEIW,06:27 Fri,DD Trailer,15:27 Fri,,WAKEIW AM BAND 1 Weekly,44T WAKEIW,5575,70,0
46,1,3,WAKEIW,05:42 Fri,06:27 Fri,65,Rotherham,S60 2XL,09:00 Fri,11:00 Fri,10:33 Fri,12:29 Fri,1,56,D,,6448,19,4,4,23,1,Store volume,WAKE DOUBLE,,,,14:27 Fri,9,45,4,12,279,0,0,0,72.22,0,0,1,2,3,2,05:42 Fri,14:27 Fri,15:27 Fri,WAKEIW,WAKEIW,05:42 Fri,06:27 Fri,WAKEIW,06:27 Fri,DD Trailer,15:27 Fri,,WAKEIW AM BAND 1 Weekly,44T WAKEIW,5453,50,70
46,1,4,WAKEIW,05:42 Fri,06:27 Fri,10047,TROJAN,HD3 4QG,00:01 Fri,23:59 Fri,13:25 Fri,13:45 Fri,0,20,C,Collection Date -17/06/2016,0,26,0,0,0,1,Store volume,WAKE DOUBLE,"8,514,739,081",chris brown - 7824563741,chrisbrown@trojan-plastics.co.uk,14:27 Fri,9,45,4,12,279,0,0,0,72.22,0,0,1,3,4,3,05:42 Fri,14:27 Fri,15:27 Fri,WAKEIW,WAKEIW,05:42 Fri,06:27 Fri,WAKEIW,06:27 Fri,DD Trailer,15:27 Fri,,WAKEIW AM BAND 1 Weekly,44T WAKEIW,5430,44,50
47,1,1,MIDIW,04:06 Fri,04:51 Fri,37,Bridgwater,TA6 4DH,08:00 Fri,10:00 Fri,08:00 Fri,09:04 Fri,1,4,D,,8146,18,4,3,22,1,Store volume,SALT DOUBLE,,,,14:44 Fri,11,39,6,48,513,0,0,0,86.3,0,0,1,1,1,1,04:06 Fri,14:44 Fri,15:44 Fri,MIDIW,MIDIW,04:06 Fri,04:51 Fri,MIDIW,04:51 Fri,DD Trailer,15:44 Fri,,MIDIW AM BAND 1 Weekly,44T MIDIW,5450,0,238
47,1,2,MIDIW,04:06 Fri,04:51 Fri,37,Bridgwater,TA6 4DH,00:01 Fri,23:59 Fri,09:04 Fri,09:14 Fri,0,10,C,,0,0,0,0,5,1,Store volume,SALT DOUBLE,,,,14:44 Fri,11,39,6,48,513,0,0,0,86.3,0,0,1,1,2,1,04:06 Fri,14:44 Fri,15:44 Fri,MIDIW,MIDIW,04:06 Fri,04:51 Fri,MIDIW,04:51 Fri,DD Trailer,15:44 Fri,,MIDIW AM BAND 1 Weekly,44T MIDIW,5568,18,0
47,1,3,MIDIW,04:06 Fri,04:51 Fri,311,Taunton,TA1 1QS,00:01 Fri,23:59 Fri,09:34 Fri,10:54 Fri,1,20,C,,0,0,0,0,5,1,Store volume,SALT DOUBLE,,,,14:44 Fri,11,39,6,48,513,0,0,0,86.3,0,0,1,2,3,2,04:06 Fri,14:44 Fri,15:44 Fri,MIDIW,MIDIW,04:06 Fri,04:51 Fri,MIDIW,04:51 Fri,DD Trailer,15:44 Fri,,MIDIW AM BAND 1 Weekly,44T MIDIW,5593,0,18
47,1,4,MIDIW,04:06 Fri,04:51 Fri,311,Taunton,TA1 1QS,09:00 Fri,11:00 Fri,10:54 Fri,11:26 Fri,0,32,D,,5793,12,4,2,16,1,Store volume,SALT DOUBLE,,,,14:44 Fri,11,39,6,48,513,0,0,0,86.3,0,0,1,2,4,2,04:06 Fri,14:44 Fri,15:44 Fri,MIDIW,MIDIW,04:06 Fri,04:51 Fri,MIDIW,04:51 Fri,DD Trailer,15:44 Fri,,MIDIW AM BAND 1 Weekly,44T MIDIW,5503,257,0
48,1,1,MIDIW,11:17 Fri,12:02 Fri,334,Perry Bar,B42 2ET,13:00 Fri,15:00 Fri,13:17 Fri,14:11 Fri,0,54,D,,6022,13,4,3,17,1,Store volume,SALT DOUBLE,,,,17:41 Fri,10,44,4,33,346,71,0,55,79.51,0,0,2,1,1,1,11:17 Fri,17:41 Fri,18:11 Fri,MIDIW,MIDIW,11:17 Fri,12:02 Fri,MIDIW,12:02 Fri,DD Trailer,22:01 Fri,,MIDIW AM BAND 4 Weekly,44T MIDIW,5516,0,95
48,1,2,MIDIW,11:17 Fri,12:02 Fri,334,Perry Bar,B42 2ET,00:01 Fri,23:59 Fri,14:11 Fri,14:21 Fri,0,10,C,,0,0,0,0,5,1,Store volume,SALT DOUBLE,,,,17:41 Fri,10,44,4,33,346,71,0,55,79.51,0,0,2,1,2,1,11:17 Fri,17:41 Fri,18:11 Fri,MIDIW,MIDIW,11:17 Fri,12:02 Fri,MIDIW,12:02 Fri,DD Trailer,22:01 Fri,,MIDIW AM BAND 4 Weekly,44T MIDIW,5602,5,0
48,1,3,MIDIW,11:17 Fri,12:02 Fri,216,Handsworth,B21 0LL,14:30 Fri,16:30 Fri,14:30 Fri,15:32 Fri,1,2,D,,7243,17,4,4,21,1,Store volume,SALT DOUBLE,,,,17:41 Fri,10,44,4,33,346,71,0,55,79.51,0,0,2,2,3,2,11:17 Fri,17:41 Fri,18:11 Fri,MIDIW,MIDIW,11:17 Fri,12:02 Fri,MIDIW,12:02 Fri,DD Trailer,22:01 Fri,,MIDIW AM BAND 4 Weekly,44T MIDIW,5470,0,5
48,1,4,MIDIW,11:17 Fri,12:02 Fri,216,Handsworth,B21 0LL,00:01 Fri,23:59 Fri,15:32 Fri,15:32 Fri,0,0,C,,0,0,0,0,5,1,Store volume,SALT DOUBLE,,,,17:41 Fri,10,44,4,33,346,71,0,55,79.51,0,0,2,2,4,2,11:17 Fri,17:41 Fri,18:11 Fri,MIDIW,MIDIW,11:17 Fri,12:02 Fri,MIDIW,12:02 Fri,DD Trailer,22:01 Fri,,MIDIW AM BAND 4 Weekly,44T MIDIW,5580,104,0
48,2,1,MIDIW,11:17 Fri,18:26 Fri,HEMIWTRUNK,HEMEL,HP2 7EU,00:01 Fri,23:59 Fri,19:21 Fri,20:06 Fri,0,45,D,,0,40,0,0,40,2,Trunk volume,SALT DOUBLE,,,,21:01 Fri,10,44,4,33,346,71,0,55,79.51,0,0,2,3,5,1,18:11 Fri,21:01 Fri,22:01 Fri,MIDIW,MIDIW,18:11 Fri,18:26 Fri,MIDIW,18:26 Fri,DD Trailer,22:01 Fri,,MIDIW AM BAND 4 Weekly,44T MIDIW,5567,71,71
49,1,1,MIDIW,06:55 Fri,07:40 Fri,359,Lichfield,WS13 6RW,09:00 Fri,11:00 Fri,09:00 Fri,10:12 Fri,1,12,D,,8686,21,5,4,26,1,Store volume,SALT DOUBLE,,,,14:05 Fri,8,10,2,57,219,0,0,0,60.49,0,0,1,1,1,1,06:55 Fri,14:05 Fri,15:05 Fri,MIDIW,MIDIW,06:55 Fri,07:40 Fri,MIDIW,07:40 Fri,DD Trailer,15:05 Fri,,MIDIW AM BAND 2 Weekly,44T MIDIW,5528,0,104
49,1,2,MIDIW,06:55 Fri,07:40 Fri,359,Lichfield,WS13 6RW,00:01 Fri,23:59 Fri,10:12 Fri,10:22 Fri,0,10,C,,0,0,0,0,5,1,Store volume,SALT DOUBLE,,,,14:05 Fri,8,10,2,57,219,0,0,0,60.49,0,0,1,1,2,1,06:55 Fri,14:05 Fri,15:05 Fri,MIDIW,MIDIW,06:55 Fri,07:40 Fri,MIDIW,07:40 Fri,DD Trailer,15:05 Fri,,MIDIW AM BAND 2 Weekly,44T MIDIW,5610,19,0
49,1,3,MIDIW,06:55 Fri,07:40 Fri,331,Tamworth,B77 5BY,09:30 Fri,11:30 Fri,10:44 Fri,12:00 Fri,1,16,D,,10404,22,6,4,28,1,Store volume,SALT DOUBLE,,,,14:05 Fri,8,10,2,57,219,0,0,0,60.49,0,0,1,2,3,2,06:55 Fri,14:05 Fri,15:05 Fri,MIDIW,MIDIW,06:55 Fri,07:40 Fri,MIDIW,07:40 Fri,DD Trailer,15:05 Fri,,MIDIW AM BAND 2 Weekly,44T MIDIW,5514,96,19
50,1,1,MIDIW,10:49 Fri,11:34 Fri,326,Kettering,NN16 9TS,10:30 Fri,12:30 Fri,12:05 Fri,13:01 Fri,0,56,D,,5135,14,4,3,18,1,Store volume,SALT DOUBLE,,,,16:13 Fri,10,34,4,11,290,71,0,55,78.27,0,0,2,1,1,1,10:49 Fri,16:13 Fri,17:33 Fri,MIDIW,MIDIW,10:49 Fri,11:34 Fri,MIDIW,11:34 Fri,DD Trailer,21:24 Fri,,MIDIW AM BAND 4 Weekly,44T MIDIW,5510,0,30
50,1,2,MIDIW,10:49 Fri,11:34 Fri,326,Kettering,NN16 9TS,00:01 Fri,23:59 Fri,13:01 Fri,13:11 Fri,0,10,C,,0,0,0,0,5,1,Store volume,SALT DOUBLE,,,,16:13 Fri,10,34,4,11,290,71,0,55,78.27,0,0,2,1,2,1,10:49 Fri,16:13 Fri,17:33 Fri,MIDIW,MIDIW,10:49 Fri,11:34 Fri,MIDIW,11:34 Fri,DD Trailer,21:24 Fri,,MIDIW AM BAND 4 Weekly,44T MIDIW,5597,51,0
50,1,3,MIDIW,10:49 Fri,11:34 Fri,209,Peterborough,PE1 5PS,14:00 Fri,16:00 Fri,14:00 Fri,15:12 Fri,1,12,D,,10948,20,6,4,26,1,Store volume,SALT DOUBLE,,,,16:13 Fri,10,34,4,11,290,71,0,55,78.27,0,0,2,2,3,2,10:49 Fri,16:13 Fri,17:33 Fri,MIDIW,MIDIW,10:49 Fri,11:34 Fri,MIDIW,11:34 Fri,DD Trailer,21:24 Fri,,MIDIW AM BAND 4 Weekly,44T MIDIW,5469,68,51
50,2,1,MIDIW,10:49 Fri,17:48 Fri,HEMIWTRUNK,HEMEL,HP2 7EU,00:01 Fri,23:59 Fri,18:44 Fri,19:29 Fri,0,45,D,,0,40,0,0,40,2,Trunk volume,SALT DOUBLE,,,,20:24 Fri,10,34,4,11,290,71,0,55,78.27,0,0,2,3,4,1,17:33 Fri,20:24 Fri,21:24 Fri,MIDIW,MIDIW,17:33 Fri,17:48 Fri,MIDIW,17:48 Fri,DD Trailer,21:24 Fri,,MIDIW AM BAND 4 Weekly,44T MIDIW,5566,71,71
51,1,1,MIDIW,09:55 Fri,10:40 Fri,316,Aylesbury Extra,HP20 1DG,10:00 Fri,12:00 Fri,11:39 Fri,12:47 Fri,1,8,D,,9062,20,4,3,24,1,Store volume,SALT DOUBLE,,,,17:56 Fri,9,0,3,53,265,130,1,42,66.67,0,0,1,1,1,1,09:55 Fri,17:56 Fri,18:56 Fri,MIDIW,MIDIW,09:55 Fri,10:40 Fri,MIDIW,10:40 Fri,DD Trailer,18:56 Fri,,MIDIW AM BAND 3 Weekly,44T MIDIW,5506,76,58
51,1,2,MIDIW,09:55 Fri,10:40 Fri,80,Woking,GU21 2WB,14:00 Fri,16:00 Fri,14:00 Fri,15:24 Fri,1,24,D,,13973,24,8,4,32,1,Store volume,SALT DOUBLE,,,,17:56 Fri,9,0,3,53,265,130,1,42,66.67,0,0,1,2,2,2,09:55 Fri,17:56 Fri,18:56 Fri,MIDIW,MIDIW,09:55 Fri,10:40 Fri,MIDIW,10:40 Fri,DD Trailer,18:56 Fri,,MIDIW AM BAND 3 Weekly,44T MIDIW,5462,130,76
52,1,1,MIDIW,04:19 Fri,05:04 Fri,91,Tottenham,N15 5NH,06:30 Fri,08:30 Fri,06:30 Fri,07:36 Fri,1,6,D,,8595,19,4,4,23,1,Store volume,SALT DOUBLE,,,,11:39 Fri,8,19,3,12,211,0,0,0,61.6,0,0,1,1,1,1,04:19 Fri,11:39 Fri,12:39 Fri,MIDIW,MIDIW,04:19 Fri,05:04 Fri,MIDIW,05:04 Fri,DD Trailer,12:39 Fri,,MIDIW AM BAND 1 Weekly,44T MIDIW,5464,0,105
52,1,2,MIDIW,04:19 Fri,05:04 Fri,91,Tottenham,N15 5NH,00:01 Fri,23:59 Fri,07:36 Fri,07:46 Fri,0,10,C,,0,0,0,0,5,1,Store volume,SALT DOUBLE,,,,11:39 Fri,8,19,3,12,211,0,0,0,61.6,0,0,1,1,2,1,04:19 Fri,11:39 Fri,12:39 Fri,MIDIW,MIDIW,04:19 Fri,05:04 Fri,MIDIW,05:04 Fri,DD Trailer,12:39 Fri,,MIDIW AM BAND 1 Weekly,44T MIDIW,5577,30,0
52,1,3,MIDIW,04:19 Fri,05:04 Fri,238,St Albans,AL4 0JY,08:00 Fri,09:00 Fri,08:28 Fri,09:44 Fri,1,16,D,,11284,20,8,4,28,1,Store volume,SALT DOUBLE,,,,11:39 Fri,8,19,3,12,211,0,0,0,61.6,0,0,1,2,3,2,04:19 Fri,11:39 Fri,12:39 Fri,MIDIW,MIDIW,04:19 Fri,05:04 Fri,MIDIW,05:04 Fri,DD Trailer,12:39 Fri,,MIDIW AM BAND 1 Weekly,44T MIDIW,5478,76,30
53,1,1,MIDIW,12:00 Fri,12:45 Fri,322,Edmonton,N18 3HA,14:00 Fri,16:00 Fri,14:10 Fri,15:15 Fri,1,5,D,LOAD 1 OF 2,19421,20,8,4,30,1,Store volume,SALT DOUBLE,,,,17:29 Fri,10,39,5,9,372,92,1,27,88.75,0,0,2,1,1,1,12:00 Fri,17:29 Fri,18:49 Fri,MIDIW,MIDIW,12:00 Fri,12:45 Fri,MIDIW,12:45 Fri,DD Trailer,22:40 Fri,,MIDIW PM BAND 1 Weekly,44T MIDIW,5556,21,107
53,1,2,MIDIW,12:00 Fri,12:45 Fri,10049,WARM UP,NW10 7UW,00:01 Fri,23:59 Fri,15:47 Fri,16:07 Fri,0,20,C,Collection Date -17/06/2016,0,1,0,0,0,1,Store volume,SALT DOUBLE,741220,Munira Khaliq - 2084536852,munirakhaliq@warmup.com,17:29 Fri,10,39,5,9,372,92,1,27,88.75,0,0,2,2,2,2,12:00 Fri,17:29 Fri,18:49 Fri,MIDIW,MIDIW,12:00 Fri,12:45 Fri,MIDIW,12:45 Fri,DD Trailer,22:40 Fri,,MIDIW PM BAND 1 Weekly,44T MIDIW,5444,102,21
53,2,1,MIDIW,12:00 Fri,19:04 Fri,HEMIWTRUNK,HEMEL,HP2 7EU,00:01 Fri,23:59 Fri,20:00 Fri,20:45 Fri,0,45,D,,0,40,0,0,40,2,Trunk volume,SALT DOUBLE,,,,21:40 Fri,10,39,5,9,372,92,1,27,88.75,0,0,2,3,3,1,18:49 Fri,21:40 Fri,22:40 Fri,MIDIW,MIDIW,18:49 Fri,19:04 Fri,MIDIW,19:04 Fri,DD Trailer,22:40 Fri,,MIDIW PM BAND 1 Weekly,44T MIDIW,5564,71,71
54,1,1,MIDIW,12:00 Fri,12:45 Fri,473,Hendon,NW9 7TH,12:00 Fri,14:00 Fri,13:57 Fri,15:05 Fri,1,8,D,,15011,16,8,3,24,1,Store volume,SALT DOUBLE,,,,18:56 Fri,9,22,3,44,256,19,0,20,78.06,0,0,2,1,1,1,12:00 Fri,18:56 Fri,19:26 Fri,MIDIW,MIDIW,12:00 Fri,12:45 Fri,MIDIW,12:45 Fri,DD Trailer,21:22 Fri,,MIDIW PM BAND 1 Weekly,44T MIDIW,5550,0,96
54,1,2,MIDIW,12:00 Fri,12:45 Fri,473,Hendon,NW9 7TH,00:01 Fri,23:59 Fri,15:05 Fri,15:15 Fri,0,10,C,,0,0,0,0,5,1,Store volume,SALT DOUBLE,,,,18:56 Fri,9,22,3,44,256,19,0,20,78.06,0,0,2,1,2,1,12:00 Fri,18:56 Fri,19:26 Fri,MIDIW,MIDIW,12:00 Fri,12:45 Fri,MIDIW,12:45 Fri,DD Trailer,21:22 Fri,,MIDIW PM BAND 1 Weekly,44T MIDIW,5621,18,0
54,1,3,MIDIW,12:00 Fri,12:45 Fri,322,Edmonton,N18 3HA,14:00 Fri,16:00 Fri,15:40 Fri,16:30 Fri,0,50,D,LOAD 2 OF 2,9710,10,4,2,15,1,Store volume,SALT DOUBLE,,,,18:56 Fri,9,22,3,44,256,19,0,20,78.06,0,0,2,2,3,2,12:00 Fri,18:56 Fri,19:26 Fri,MIDIW,MIDIW,12:00 Fri,12:45 Fri,MIDIW,12:45 Fri,DD Trailer,21:22 Fri,,MIDIW PM BAND 1 Weekly,44T MIDIW,5555,0,18
54,1,4,MIDIW,12:00 Fri,12:45 Fri,322,Edmonton,N18 3HA,00:01 Fri,23:59 Fri,16:30 Fri,16:40 Fri,0,10,C,,0,0,0,0,5,1,Store volume,SALT DOUBLE,,,,18:56 Fri,9,22,3,44,256,19,0,20,78.06,0,0,2,2,4,2,12:00 Fri,18:56 Fri,19:26 Fri,MIDIW,MIDIW,12:00 Fri,12:45 Fri,MIDIW,12:45 Fri,DD Trailer,21:22 Fri,,MIDIW PM BAND 1 Weekly,44T MIDIW,5596,104,0
54,2,1,MIDIW,12:00 Fri,19:41 Fri,NETOB,NETHEROB,NN7 3LB,00:01 Fri,23:59 Fri,20:01 Fri,20:01 Fri,0,0,C,NETHER IW,0,0,0,0,1,1,Store volume,SALT DOUBLE,,,,20:22 Fri,9,22,3,44,256,19,0,20,78.06,0,0,2,3,5,1,19:26 Fri,20:22 Fri,21:22 Fri,MIDIW,MIDIW,19:26 Fri,19:41 Fri,MIDIW,19:41 Fri,DD Trailer,21:22 Fri,,MIDIW PM BAND 1 Weekly,44T MIDIW,5352,19,19
55,1,1,MIDIW,14:39 Fri,15:24 Fri,297,Barking,IG11 8BL,17:00 Fri,19:00 Fri,17:00 Fri,18:16 Fri,1,16,D,,15900,21,7,6,28,1,Store volume,SALT DOUBLE,,,,23:44 Fri,10,5,4,56,257,0,0,0,100.83,0,0,1,1,1,1,14:39 Fri,23:44 Fri,00:44 Sat,MIDIW,MIDIW,14:39 Fri,15:24 Fri,MIDIW,15:24 Fri,DD Trailer,00:44 Sat,,MIDIW PM BAND 2 Weekly,44T MIDIW,5497,42,120
55,1,2,MIDIW,14:39 Fri,15:24 Fri,78,Ruislip,HA4 0QB,18:00 Fri,20:00 Fri,19:13 Fri,21:11 Fri,1,58,D,,8922,18,6,3,24,1,Store volume,SALT DOUBLE,,,,23:44 Fri,10,5,4,56,257,0,0,0,100.83,0,0,1,2,2,2,14:39 Fri,23:44 Fri,00:44 Sat,MIDIW,MIDIW,14:39 Fri,15:24 Fri,MIDIW,15:24 Fri,DD Trailer,00:44 Sat,,MIDIW PM BAND 2 Weekly,44T MIDIW,5460,0,42
55,1,3,MIDIW,14:39 Fri,15:24 Fri,78,Ruislip,HA4 0QB,00:01 Fri,23:59 Fri,21:11 Fri,21:21 Fri,0,10,C,,0,0,0,0,5,1,Store volume,SALT DOUBLE,,,,23:44 Fri,10,5,4,56,257,0,0,0,100.83,0,0,1,2,3,2,14:39 Fri,23:44 Fri,00:44 Sat,MIDIW,MIDIW,14:39 Fri,15:24 Fri,MIDIW,15:24 Fri,DD Trailer,00:44 Sat,,MIDIW PM BAND 2 Weekly,44T MIDIW,5574,95,0
56,1,1,MIDIW,16:00 Fri,16:45 Fri,HEMIWTRUNK,HEMEL,HP2 7EU,00:01 Fri,23:59 Fri,17:40 Fri,18:25 Fri,0,45,D,,0,40,0,0,40,2,Trunk volume,SALT DOUBLE,,,,19:20 Fri,8,30,3,40,283,142,1,50,85,0,0,2,1,1,1,16:00 Fri,19:20 Fri,19:50 Fri,MIDIW,MIDIW,16:00 Fri,16:45 Fri,MIDIW,16:45 Fri,DD Trailer,00:31 Sat,,MIDIW PM BAND 3 Weekly,44T MIDIW,5563,71,71
56,2,1,MIDIW,16:00 Fri,20:05 Fri,76,E-Commerce Web Store,HP2 7EX,00:01 Fri,23:59 Fri,21:01 Fri,22:36 Fri,1,35,D,E STORE,0,0,0,0,40,1,Store volume,SALT DOUBLE,,,,23:31 Fri,8,30,3,40,283,142,1,50,85,0,0,2,2,2,1,19:50 Fri,23:31 Fri,00:31 Sat,MIDIW,MIDIW,19:50 Fri,20:05 Fri,MIDIW,20:05 Fri,DD Trailer,00:31 Sat,,MIDIW PM BAND 3 Weekly,44T MIDIW,5354,71,71
57,1,1,MIDIW,07:33 Fri,08:18 Fri,10011,CONNECTIONS,NN4 7PN,00:01 Fri,23:59 Fri,08:23 Fri,08:23 Fri,0,0,D,CONNECTIONS,0,0,0,0,1,1,Store volume,SALT DOUBLE,,,,08:28 Fri,9,11,3,25,244,1,0,5,68.02,0,0,2,1,1,1,07:33 Fri,08:28 Fri,08:58 Fri,MIDIW,MIDIW,07:33 Fri,08:18 Fri,MIDIW,08:18 Fri,DD Trailer,16:44 Fri,,MIDIW AM BAND 2 Weekly,44T MIDIW,5371,1,1
57,2,1,MIDIW,07:33 Fri,09:13 Fri,260,Hanworth,TW13 6JH,09:00 Fri,11:00 Fri,10:44 Fri,11:52 Fri,1,8,D,,9425,19,5,4,24,1,Store volume,SALT DOUBLE,,,,15:44 Fri,9,11,3,25,244,1,0,5,68.02,0,0,2,2,2,1,08:58 Fri,15:44 Fri,16:44 Fri,MIDIW,MIDIW,08:58 Fri,09:13 Fri,MIDIW,09:13 Fri,DD Trailer,16:44 Fri,,MIDIW AM BAND 2 Weekly,44T MIDIW,5484,0,122
57,2,2,MIDIW,07:33 Fri,09:13 Fri,260,Hanworth,TW13 6JH,00:01 Fri,23:59 Fri,11:52 Fri,12:02 Fri,0,10,C,,0,0,0,0,5,1,Store volume,SALT DOUBLE,,,,15:44 Fri,9,11,3,25,244,1,0,5,68.02,0,0,2,2,3,1,08:58 Fri,15:44 Fri,16:44 Fri,MIDIW,MIDIW,08:58 Fri,09:13 Fri,MIDIW,09:13 Fri,DD Trailer,16:44 Fri,,MIDIW AM BAND 2 Weekly,44T MIDIW,5584,20,0
57,2,3,MIDIW,07:33 Fri,09:13 Fri,330,Uxbridge,UB8 1JS,12:30 Fri,14:30 Fri,12:30 Fri,14:18 Fri,1,48,D,,5684,14,5,3,19,1,Store volume,SALT DOUBLE,,,,15:44 Fri,9,11,3,25,244,1,0,5,68.02,0,0,2,3,4,2,08:58 Fri,15:44 Fri,16:44 Fri,MIDIW,MIDIW,08:58 Fri,09:13 Fri,MIDIW,09:13 Fri,DD Trailer,16:44 Fri,,MIDIW AM BAND 2 Weekly,44T MIDIW,5513,0,20
57,2,4,MIDIW,07:33 Fri,09:13 Fri,330,Uxbridge,UB8 1JS,00:01 Fri,23:59 Fri,14:18 Fri,14:28 Fri,0,10,C,,0,0,0,0,5,1,Store volume,SALT DOUBLE,,,,15:44 Fri,9,11,3,25,244,1,0,5,68.02,0,0,2,3,5,2,08:58 Fri,15:44 Fri,16:44 Fri,MIDIW,MIDIW,08:58 Fri,09:13 Fri,MIDIW,09:13 Fri,DD Trailer,16:44 Fri,,MIDIW AM BAND 2 Weekly,44T MIDIW,5600,101,0
58,1,1,WAKEIW,09:23 Fri,10:08 Fri,10020,GOWER,LS27 0LH,00:01 Fri,23:59 Fri,10:25 Fri,10:45 Fri,0,20,C,Collection Date -17/06/2016,0,36,0,0,0,1,Store volume,WAKE DOUBLE,740472,OLGA - 1132013417,OKonstantinova@gower-furniture.co.uk,11:01 Fri,8,46,2,36,140,16,0,17,64.94,0,0,2,1,1,1,09:23 Fri,11:01 Fri,11:31 Fri,WAKEIW,WAKEIW,09:23 Fri,10:08 Fri,WAKEIW,10:08 Fri,DD Trailer,18:09 Fri,,WAKEIW AM BAND 3 Weekly,44T WAKEIW,5442,16,16
58,2,1,WAKEIW,09:23 Fri,11:46 Fri,247,Barnsley,S71 1LS,11:45 Fri,13:45 Fri,12:19 Fri,13:25 Fri,1,6,D,,6082,19,4,4,23,1,Store volume,WAKE DOUBLE,,,,17:09 Fri,8,46,2,36,140,16,0,17,64.94,0,0,2,2,2,1,11:31 Fri,17:09 Fri,18:09 Fri,WAKEIW,WAKEIW,11:31 Fri,11:46 Fri,WAKEIW,11:46 Fri,DD Trailer,18:09 Fri,,WAKEIW AM BAND 3 Weekly,44T WAKEIW,5480,0,25
58,2,2,WAKEIW,09:23 Fri,11:46 Fri,247,Barnsley,S71 1LS,00:01 Fri,23:59 Fri,13:25 Fri,13:35 Fri,0,10,C,,0,0,0,0,5,1,Store volume,WAKE DOUBLE,,,,17:09 Fri,8,46,2,36,140,16,0,17,64.94,0,0,2,2,3,1,11:31 Fri,17:09 Fri,18:09 Fri,WAKEIW,WAKEIW,11:31 Fri,11:46 Fri,WAKEIW,11:46 Fri,DD Trailer,18:09 Fri,,WAKEIW AM BAND 3 Weekly,44T WAKEIW,5583,28,0
58,2,3,WAKEIW,09:23 Fri,11:46 Fri,97,Sheffield,S3 7UW,15:00 Fri,17:00 Fri,15:00 Fri,16:04 Fri,1,4,D,,6739,18,4,4,22,1,Store volume,WAKE DOUBLE,,,,17:09 Fri,8,46,2,36,140,16,0,17,64.94,0,0,2,3,4,2,11:31 Fri,17:09 Fri,18:09 Fri,WAKEIW,WAKEIW,11:31 Fri,11:46 Fri,WAKEIW,11:46 Fri,DD Trailer,18:09 Fri,,WAKEIW AM BAND 3 Weekly,44T WAKEIW,5466,0,28
58,2,4,WAKEIW,09:23 Fri,11:46 Fri,97,Sheffield,S3 7UW,00:01 Fri,23:59 Fri,16:04 Fri,16:14 Fri,0,10,C,,0,0,0,0,5,1,Store volume,WAKE DOUBLE,,,,17:09 Fri,8,46,2,36,140,16,0,17,64.94,0,0,2,3,5,2,11:31 Fri,17:09 Fri,18:09 Fri,WAKEIW,WAKEIW,11:31 Fri,11:46 Fri,WAKEIW,11:46 Fri,DD Trailer,18:09 Fri,,WAKEIW AM BAND 3 Weekly,44T WAKEIW,5578,56,0
59,1,1,WAKEIW,10:59 Fri,11:44 Fri,10020,GOWER,LS27 0LH,00:01 Fri,23:59 Fri,12:01 Fri,12:21 Fri,0,20,C,Collection Date -17/06/2016,0,36,0,0,0,1,Store volume,WAKE DOUBLE,740470,OLGA - 1132013417,OKonstantinova@gower-furniture.co.uk,12:37 Fri,10,0,3,42,251,16,0,17,74.07,0,0,2,1,1,1,10:59 Fri,12:37 Fri,13:07 Fri,WAKEIW,WAKEIW,10:59 Fri,11:44 Fri,WAKEIW,11:44 Fri,DD Trailer,20:59 Fri,,WAKEIW AM BAND 4 Weekly,44T WAKEIW,5440,16,16
59,2,1,WAKEIW,10:59 Fri,13:22 Fri,283,Chesterfield,S40 2AB,14:30 Fri,16:30 Fri,14:30 Fri,15:46 Fri,1,16,D,,9306,23,5,4,28,1,Store volume,WAKE DOUBLE,,,,19:59 Fri,10,0,3,42,251,16,0,17,74.07,0,0,2,2,2,1,13:07 Fri,19:59 Fri,20:59 Fri,WAKEIW,WAKEIW,13:07 Fri,13:22 Fri,WAKEIW,13:22 Fri,DD Trailer,20:59 Fri,,WAKEIW AM BAND 4 Weekly,44T WAKEIW,5493,0,84
59,2,2,WAKEIW,10:59 Fri,13:22 Fri,283,Chesterfield,S40 2AB,00:01 Fri,23:59 Fri,15:46 Fri,15:56 Fri,0,10,C,,0,0,0,0,5,1,Store volume,WAKE DOUBLE,,,,19:59 Fri,10,0,3,42,251,16,0,17,74.07,0,0,2,2,3,1,13:07 Fri,19:59 Fri,20:59 Fri,WAKEIW,WAKEIW,13:07 Fri,13:22 Fri,WAKEIW,13:22 Fri,DD Trailer,20:59 Fri,,WAKEIW AM BAND 4 Weekly,44T WAKEIW,5589,40,0
59,2,3,WAKEIW,10:59 Fri,13:22 Fri,257,Nottingham North,NG5 6HP,15:30 Fri,17:30 Fri,17:28 Fri,18:40 Fri,1,12,D,,9645,19,7,3,26,1,Store volume,WAKE DOUBLE,,,,19:59 Fri,10,0,3,42,251,16,0,17,74.07,0,0,2,3,4,2,13:07 Fri,19:59 Fri,20:59 Fri,WAKEIW,WAKEIW,13:07 Fri,13:22 Fri,WAKEIW,13:22 Fri,DD Trailer,20:59 Fri,,WAKEIW AM BAND 4 Weekly,44T WAKEIW,5483,96,40
1000,1,1,DEVHDC,08:00 Fri,08:30 Fri,EXEHDC1,EXETER 1,EX2 8LG,00:01 Fri,23:59 Fri,10:54 Fri,12:54 Fri,2,0,D,HDC DEVIZES to EXETER,0,0,0,0,26,1,Store volume,DEVHDC SINGLE,BC TILES,,,17:21 Fri,9,51,5,15,370,22,0,18,72.96,0,0,1,1,1,1,08:00 Fri,17:21 Fri,17:51 Fri,DEVHDC,DEVHDC,08:00 Fri,08:30 Fri,DEVHDC,08:30 Fri,SD Trailer,17:51 Fri,,DEVHDC AM Weekly,44T DEVHDC,5373,22,167
1000,1,2,DEVHDC,08:00 Fri,08:30 Fri,10002,B C Tiles,TQ12 6RF,00:01 Fri,23:59 Fri,13:12 Fri,14:48 Fri,1,36,C,HDC DEVIZES to EXETER,0,0,0,0,26,1,Store volume,DEVHDC SINGLE,BC TILES,,,17:21 Fri,9,51,5,15,370,22,0,18,72.96,0,0,1,2,2,2,08:00 Fri,17:21 Fri,17:51 Fri,DEVHDC,DEVHDC,08:00 Fri,08:30 Fri,DEVHDC,08:30 Fri,SD Trailer,17:51 Fri,,DEVHDC AM Weekly,44T DEVHDC,5374,181,22
1001,1,1,MIDIW,07:00 Fri,07:45 Fri,NORHDC,Northampton HDC,NN4 7JE,00:01 Fri,23:59 Fri,07:50 Fri,08:35 Fri,0,45,C,HDC BURNTWOOD,0,0,0,0,1,1,Store volume,SALT SINGLE,,,,12:04 Fri,12,48,5,38,437,0,0,0,94.81,0,0,2,1,1,1,07:00 Fri,12:04 Fri,13:24 Fri,MIDIW,MIDIW,07:00 Fri,07:45 Fri,MIDIW,07:45 Fri,SD Trailer,19:48 Fri,,MIDIW AM BAND 2 Weekly,44T MIDIW,5375,109,1
1001,1,2,MIDIW,07:00 Fri,07:45 Fri,BURHDC1,BURNTWOOD 1,WS7 3JG,00:01 Fri,23:59 Fri,09:57 Fri,10:42 Fri,0,45,D,HDC BURNTWOOD,0,0,0,0,26,1,Store volume,SALT SINGLE,,,,12:04 Fri,12,48,5,38,437,0,0,0,94.81,0,0,2,2,2,2,07:00 Fri,12:04 Fri,13:24 Fri,MIDIW,MIDIW,07:00 Fri,07:45 Fri,MIDIW,07:45 Fri,SD Trailer,19:48 Fri,,MIDIW AM BAND 2 Weekly,44T MIDIW,5376,108,109
1001,2,1,MIDIW,07:00 Fri,13:39 Fri,NORHDC,Northampton HDC,NN4 7JE,00:01 Fri,23:59 Fri,13:44 Fri,14:29 Fri,0,45,C,HDC BURNTWOOD,0,0,0,0,1,1,Store volume,SALT SINGLE,,,,17:58 Fri,12,48,5,38,437,0,0,0,94.81,0,0,2,3,3,1,13:24 Fri,17:58 Fri,19:48 Fri,MIDIW,MIDIW,13:24 Fri,13:39 Fri,MIDIW,13:39 Fri,SD Trailer,19:48 Fri,,MIDIW AM BAND 2 Weekly,44T MIDIW,5380,109,1
1001,2,2,MIDIW,07:00 Fri,13:39 Fri,BURHDC3,BURNTWOOD 3,WS7 3JG,00:01 Fri,23:59 Fri,15:51 Fri,16:36 Fri,0,45,D,HDC BURNTWOOD,0,0,0,0,26,1,Store volume,SALT SINGLE,,,,17:58 Fri,12,48,5,38,437,0,0,0,94.81,0,0,2,4,4,2,13:24 Fri,17:58 Fri,19:48 Fri,MIDIW,MIDIW,13:24 Fri,13:39 Fri,MIDIW,13:39 Fri,SD Trailer,19:48 Fri,,MIDIW AM BAND 2 Weekly,44T MIDIW,5381,108,109
1002,1,1,MIDIW,05:00 Fri,05:45 Fri,NORHDCSHUNT,HDC SHUNTING,NN4 7JE,00:01 Fri,23:59 Fri,05:50 Fri,09:50 Fri,4,0,C,SHUNTING THEN HDC BURNTWOOD,0,0,0,0,1,1,Store volume,SALT SINGLE,,,,15:09 Fri,11,9,3,4,234,0,0,0,82.59,0,0,1,1,1,1,05:00 Fri,15:09 Fri,16:09 Fri,MIDIW,MIDIW,05:00 Fri,05:45 Fri,MIDIW,05:45 Fri,SD Trailer,16:09 Fri,,MIDIW AM BAND 1 Weekly,SUBBY,5377,109,1
1002,1,2,MIDIW,05:00 Fri,05:45 Fri,BURHDC2,BURNTWOOD 2,WS7 3JG,00:01 Fri,23:59 Fri,12:02 Fri,12:47 Fri,0,45,D,SHUNTING THEN HDC BURNTWOOD,0,0,0,0,26,1,Store volume,SALT SINGLE,,,,15:09 Fri,11,9,3,4,234,0,0,0,82.59,0,0,1,2,2,2,05:00 Fri,15:09 Fri,16:09 Fri,MIDIW,MIDIW,05:00 Fri,05:45 Fri,MIDIW,05:45 Fri,SD Trailer,16:09 Fri,,MIDIW AM BAND 1 Weekly,SUBBY,5378,19,109
1002,1,3,MIDIW,05:00 Fri,05:45 Fri,5610,TILE GIANT,WS13 8NQ,00:01 Fri,23:59 Fri,13:04 Fri,13:49 Fri,0,45,C,SHUNTING THEN HDC BURNTWOOD,0,0,0,0,26,1,Store volume,SALT SINGLE,,,,15:09 Fri,11,9,3,4,234,0,0,0,82.59,0,0,1,3,3,3,05:00 Fri,15:09 Fri,16:09 Fri,MIDIW,MIDIW,05:00 Fri,05:45 Fri,MIDIW,05:45 Fri,SD Trailer,16:09 Fri,,MIDIW AM BAND 1 Weekly,SUBBY,5379,105,19
1004,1,1,MIDIW,04:05 Fri,04:50 Fri,NORHDC,Northampton HDC,NN4 7JE,00:01 Fri,23:59 Fri,04:55 Fri,05:40 Fri,0,45,C,HDC CRAWLEY 1,0,0,0,0,1,1,Store volume,SALT SINGLE,,,,11:25 Fri,8,20,4,15,336,0,0,0,61.73,0,0,1,1,1,1,04:05 Fri,11:25 Fri,12:25 Fri,MIDIW,MIDIW,04:05 Fri,04:50 Fri,MIDIW,04:50 Fri,SD Trailer,12:25 Fri,,MIDIW AM BAND 1 Weekly,44T MIDIW,5382,164,1
1004,1,2,MIDIW,04:05 Fri,04:50 Fri,CRAHDC1,CRAWLEY 1,RH11 0PQ,00:01 Fri,23:59 Fri,07:46 Fri,08:31 Fri,0,45,D,HDC CRAWLEY 1,0,0,0,0,26,1,Store volume,SALT SINGLE,,,,11:25 Fri,8,20,4,15,336,0,0,0,61.73,0,0,1,2,2,2,04:05 Fri,11:25 Fri,12:25 Fri,MIDIW,MIDIW,04:05 Fri,04:50 Fri,MIDIW,04:50 Fri,SD Trailer,12:25 Fri,,MIDIW AM BAND 1 Weekly,44T MIDIW,5383,171,164
1005,1,1,MIDIW,09:00 Fri,09:45 Fri,NORHDC,Northampton HDC,NN4 7JE,00:01 Fri,23:59 Fri,09:50 Fri,10:05 Fri,0,15,C,HDC CRAWLEY 2,0,0,0,0,1,1,Store volume,SALT SINGLE,,,,15:50 Fri,10,20,5,0,376,0,0,0,76.54,0,0,2,1,1,1,09:00 Fri,15:50 Fri,16:20 Fri,MIDIW,MIDIW,09:00 Fri,09:45 Fri,MIDIW,09:45 Fri,SD Trailer,19:20 Fri,,MIDIW AM BAND 3 Weekly,44T MIDIW,5384,164,1
1005,1,2,MIDIW,09:00 Fri,09:45 Fri,CRAHDC2,CRAWLEY 2,RH11 0PQ,00:01 Fri,23:59 Fri,12:11 Fri,12:56 Fri,0,45,D,HDC CRAWLEY 2,0,0,0,0,26,1,Store volume,SALT SINGLE,,,,15:50 Fri,10,20,5,0,376,0,0,0,76.54,0,0,2,2,2,2,09:00 Fri,15:50 Fri,16:20 Fri,MIDIW,MIDIW,09:00 Fri,09:45 Fri,MIDIW,09:45 Fri,SD Trailer,19:20 Fri,,MIDIW AM BAND 3 Weekly,44T MIDIW,5385,171,164
1005,2,1,MIDIW,09:00 Fri,16:35 Fri,NORHDC,Northampton HDC,NN4 7JE,00:01 Fri,23:59 Fri,16:40 Fri,16:55 Fri,0,15,C,NETHER HDC,0,0,0,0,1,1,Store volume,SALT SINGLE,,,,18:20 Fri,10,20,5,0,376,0,0,0,76.54,0,0,2,3,3,1,16:20 Fri,18:20 Fri,19:20 Fri,MIDIW,MIDIW,16:20 Fri,16:35 Fri,MIDIW,16:35 Fri,SD Trailer,19:20 Fri,,MIDIW AM BAND 3 Weekly,44T MIDIW,5417,19,1
1005,2,2,MIDIW,09:00 Fri,16:35 Fri,NETHDC,NETHERHDC,NN7 3LB,00:01 Fri,23:59 Fri,17:15 Fri,18:00 Fri,0,45,D,NETHER HDC,0,0,0,0,26,1,Store volume,SALT SINGLE,,,,18:20 Fri,10,20,5,0,376,0,0,0,76.54,0,0,2,4,4,2,16:20 Fri,18:20 Fri,19:20 Fri,MIDIW,MIDIW,16:20 Fri,16:35 Fri,MIDIW,16:35 Fri,SD Trailer,19:20 Fri,,MIDIW AM BAND 3 Weekly,44T MIDIW,5418,19,19
1006,1,1,MIDIW,13:00 Fri,13:45 Fri,NORHDC,Northampton HDC,NN4 7JE,00:01 Fri,23:59 Fri,13:50 Fri,14:05 Fri,0,15,C,HDC CRAWLEY 3,0,0,0,0,1,1,Store volume,SALT SINGLE,,,,19:50 Fri,10,20,5,0,376,0,0,0,86.11,0,0,2,1,1,1,13:00 Fri,19:50 Fri,20:20 Fri,MIDIW,MIDIW,13:00 Fri,13:45 Fri,MIDIW,13:45 Fri,SD Trailer,23:20 Fri,,MIDIW PM BAND 1 Weekly,44T MIDIW,5386,164,1
1006,1,2,MIDIW,13:00 Fri,13:45 Fri,CRAHDC3,CRAWLEY 3,RH11 0PQ,00:01 Fri,23:59 Fri,16:11 Fri,16:56 Fri,0,45,D,HDC CRAWLEY 3,0,0,0,0,26,1,Store volume,SALT SINGLE,,,,19:50 Fri,10,20,5,0,376,0,0,0,86.11,0,0,2,2,2,2,13:00 Fri,19:50 Fri,20:20 Fri,MIDIW,MIDIW,13:00 Fri,13:45 Fri,MIDIW,13:45 Fri,SD Trailer,23:20 Fri,,MIDIW PM BAND 1 Weekly,44T MIDIW,5387,171,164
1006,2,1,MIDIW,13:00 Fri,20:35 Fri,NORHDC,Northampton HDC,NN4 7JE,00:01 Fri,23:59 Fri,20:40 Fri,20:55 Fri,0,15,C,NETHER HDC,0,0,0,0,1,1,Store volume,SALT SINGLE,,,,22:20 Fri,10,20,5,0,376,0,0,0,86.11,0,0,2,3,3,1,20:20 Fri,22:20 Fri,23:20 Fri,MIDIW,MIDIW,20:20 Fri,20:35 Fri,MIDIW,20:35 Fri,SD Trailer,23:20 Fri,,MIDIW PM BAND 1 Weekly,44T MIDIW,5415,19,1
1006,2,2,MIDIW,13:00 Fri,20:35 Fri,NETHDC,NETHERHDC,NN7 3LB,00:01 Fri,23:59 Fri,21:15 Fri,22:00 Fri,0,45,D,NETHER HDC,0,0,0,0,26,1,Store volume,SALT SINGLE,,,,22:20 Fri,10,20,5,0,376,0,0,0,86.11,0,0,2,4,4,2,20:20 Fri,22:20 Fri,23:20 Fri,MIDIW,MIDIW,20:20 Fri,20:35 Fri,MIDIW,20:35 Fri,SD Trailer,23:20 Fri,,MIDIW PM BAND 1 Weekly,44T MIDIW,5416,19,19
1008,1,1,MIDIW,20:00 Fri,20:45 Fri,NORHDC,Northampton HDC,NN4 7JE,00:01 Fri,23:59 Fri,20:50 Fri,21:05 Fri,0,15,C,HDC CRAWLEY 5,0,0,0,0,1,1,Store volume,SALT SINGLE,,,,02:35 Sat,9,56,5,21,392,0,0,0,99.33,0,0,2,1,1,1,20:00 Fri,02:35 Sat,03:05 Sat,MIDIW,MIDIW,20:00 Fri,20:45 Fri,MIDIW,20:45 Fri,SD Trailer,05:56 Sat,,MIDIW PM BAND 5 Weekly,44T MIDIW,5390,164,1
1008,1,2,MIDIW,20:00 Fri,20:45 Fri,CRAHDC5,CRAWLEY 5,RH11 0PQ,00:01 Fri,23:59 Fri,23:11 Fri,23:41 Fri,0,30,D,HDC CRAWLEY 5,0,0,0,0,26,1,Store volume,SALT SINGLE,,,,02:35 Sat,9,56,5,21,392,0,0,0,99.33,0,0,2,2,2,2,20:00 Fri,02:35 Sat,03:05 Sat,MIDIW,MIDIW,20:00 Fri,20:45 Fri,MIDIW,20:45 Fri,SD Trailer,05:56 Sat,,MIDIW PM BAND 5 Weekly,44T MIDIW,5391,171,164
1008,2,1,MIDIW,20:00 Fri,03:20 Sat,10014,Electrolux,MK12 5LJ,00:01 Sat,23:59 Sat,03:51 Sat,04:06 Sat,0,15,C,ELECTROLUX,0,0,0,0,1,1,Store volume,SALT SINGLE,,,,04:56 Sat,9,56,5,21,392,0,0,0,99.33,0,0,2,3,3,1,03:05 Sat,04:56 Sat,05:56 Sat,MIDIW,MIDIW,03:05 Sat,03:20 Sat,MIDIW,03:20 Sat,SD Trailer,05:56 Sat,,MIDIW PM BAND 5 Weekly,44T MIDIW,5423,25,29
1008,2,2,MIDIW,20:00 Fri,03:20 Sat,NORHDC,Northampton HDC,NN4 7JE,00:01 Sat,23:59 Sat,04:36 Sat,04:51 Sat,0,15,D,ELECTROLUX,0,0,0,0,26,1,Store volume,SALT SINGLE,,,,04:56 Sat,9,56,5,21,392,0,0,0,99.33,0,0,2,4,4,2,03:05 Sat,04:56 Sat,05:56 Sat,MIDIW,MIDIW,03:05 Sat,03:20 Sat,MIDIW,03:20 Sat,SD Trailer,05:56 Sat,,MIDIW PM BAND 5 Weekly,44T MIDIW,5424,1,25
1009,1,1,MIDIW,22:00 Fri,22:45 Fri,NORHDC,Northampton HDC,NN4 7JE,00:01 Fri,23:59 Fri,22:50 Fri,23:35 Fri,0,45,C,HDC CRAWLEY 6,0,0,0,0,1,1,Store volume,SALT SINGLE,,,,05:20 Sat,8,20,4,15,336,0,0,0,83.33,0,0,1,1,1,1,22:00 Fri,05:20 Sat,06:20 Sat,MIDIW,MIDIW,22:00 Fri,22:45 Fri,MIDIW,22:45 Fri,SD Trailer,06:20 Sat,,MIDIW NIGHT BAND 1 Weekly,44T MIDIW,5392,164,1
1009,1,2,MIDIW,22:00 Fri,22:45 Fri,CRAHDC6,CRAWLEY 6,RH11 0PQ,00:01 Sat,23:59 Sat,01:41 Sat,02:26 Sat,0,45,D,HDC CRAWLEY 6,0,0,0,0,26,1,Store volume,SALT SINGLE,,,,05:20 Sat,8,20,4,15,336,0,0,0,83.33,0,0,1,2,2,2,22:00 Fri,05:20 Sat,06:20 Sat,MIDIW,MIDIW,22:00 Fri,22:45 Fri,MIDIW,22:45 Fri,SD Trailer,06:20 Sat,,MIDIW NIGHT BAND 1 Weekly,44T MIDIW,5393,171,164
1010,1,1,WAKEIW,21:00 Fri,21:45 Fri,COUHDC1,COUNDON 1,DL14 8PS,00:01 Fri,23:59 Fri,23:25 Fri,01:25 Sat,2,0,D,HDC WAKEFIELD COUNDON,0,0,0,0,26,1,Store volume,WAKE SINGLE,,,,03:55 Sat,7,55,3,20,254,123,1,40,79.17,0,0,1,1,1,1,21:00 Fri,03:55 Sat,04:55 Sat,WAKEIW,WAKEIW,21:00 Fri,21:45 Fri,WAKEIW,21:45 Fri,SD Trailer,04:55 Sat,,WAKEIW PM BAND 5 Weekly,44T WAKEIW,5394,123,130
1011,1,1,DEVHDC,22:00 Fri,22:30 Fri,NORHDC,Northampton HDC,NN4 7JE,00:01 Sat,23:59 Sat,00:38 Sat,01:23 Sat,0,45,C,HDC DEVIZES 1,0,0,0,0,26,1,Store volume,DEVHDC SINGLE,,,,04:22 Sat,6,52,4,17,292,143,2,8,68.67,0,0,1,1,1,1,22:00 Fri,04:22 Sat,04:52 Sat,DEVHDC,DEVHDC,22:00 Fri,22:30 Fri,DEVHDC,22:30 Fri,SD Trailer,04:52 Sat,,DEVHDC NIGHT Weekly,44T DEVHDC,5395,149,143
1012,1,1,MIDIW,02:00 Fri,02:45 Fri,NORHDC,Northampton HDC,NN4 7JE,00:01 Fri,23:59 Fri,02:50 Fri,03:35 Fri,0,45,C,HDC DEVIZES 2,0,0,0,0,1,1,Store volume,SALT SINGLE,,,,10:43 Fri,9,43,4,23,293,0,0,0,97.17,0,0,1,1,1,1,02:00 Fri,10:43 Fri,11:43 Fri,MIDIW,MIDIW,02:00 Fri,02:45 Fri,MIDIW,02:45 Fri,SD Trailer,11:43 Fri,,MIDIW NIGHT BAND 3 Weekly,44T MIDIW,5396,149,1
1012,1,2,MIDIW,02:00 Fri,02:45 Fri,DEVHDC2,DEVIZES 2,SN10 2HT,00:01 Fri,23:59 Fri,05:45 Fri,08:35 Fri,2,50,D,HDC DEVIZES 2,0,0,0,0,26,1,Store volume,SALT SINGLE,,,,10:43 Fri,9,43,4,23,293,0,0,0,97.17,0,0,1,2,2,2,02:00 Fri,10:43 Fri,11:43 Fri,MIDIW,MIDIW,02:00 Fri,02:45 Fri,MIDIW,02:45 Fri,SD Trailer,11:43 Fri,,MIDIW NIGHT BAND 3 Weekly,44T MIDIW,5397,143,149
1013,1,1,MIDIW,05:00 Fri,05:45 Fri,NORHDC,Northampton HDC,NN4 7JE,00:01 Fri,23:59 Fri,05:50 Fri,06:35 Fri,0,45,C,HDC DEVIZES to EXETER,0,0,0,0,1,1,Store volume,SALT SINGLE,,,,13:43 Fri,9,43,4,23,293,0,0,0,71.98,0,0,1,1,1,1,05:00 Fri,13:43 Fri,14:43 Fri,MIDIW,MIDIW,05:00 Fri,05:45 Fri,MIDIW,05:45 Fri,SD Trailer,14:43 Fri,,MIDIW AM BAND 1 Weekly,44T MIDIW,5398,149,1
1013,1,2,MIDIW,05:00 Fri,05:45 Fri,DEVEXHDC,DEVIZES - EXETER,NN4 7JE,00:01 Fri,23:59 Fri,08:45 Fri,11:35 Fri,2,50,D,HDC DEVIZES to EXETER,0,0,0,0,26,1,Store volume,SALT SINGLE,,,,13:43 Fri,9,43,4,23,293,0,0,0,71.98,0,0,1,2,2,2,05:00 Fri,13:43 Fri,14:43 Fri,MIDIW,MIDIW,05:00 Fri,05:45 Fri,MIDIW,05:45 Fri,SD Trailer,14:43 Fri,,MIDIW AM BAND 1 Weekly,44T MIDIW,5399,143,149
1014,1,1,MIDIW,15:01 Fri,15:46 Fri,NORHDC,Northampton HDC,NN4 7JE,00:01 Fri,23:59 Fri,15:51 Fri,16:36 Fri,0,45,C,HDC KINGS LYNN,0,0,0,0,1,1,Store volume,SALT SINGLE,,,,23:14 Fri,9,13,3,53,248,0,0,0,92.17,0,0,1,1,1,1,15:01 Fri,23:14 Fri,00:14 Sat,MIDIW,MIDIW,15:01 Fri,15:46 Fri,MIDIW,15:46 Fri,SD Trailer,00:14 Sat,,MIDIW PM BAND 2 Weekly,44T MIDIW,5400,123,1
1014,1,2,MIDIW,15:01 Fri,15:46 Fri,KINHDC1,KINGS LYNN 1,PE30 2HB,00:01 Fri,23:59 Fri,18:30 Fri,20:30 Fri,2,0,D,HDC KINGS LYNN,0,0,0,0,26,1,Store volume,SALT SINGLE,,,,23:14 Fri,9,13,3,53,248,0,0,0,92.17,0,0,1,2,2,2,15:01 Fri,23:14 Fri,00:14 Sat,MIDIW,MIDIW,15:01 Fri,15:46 Fri,MIDIW,15:46 Fri,SD Trailer,00:14 Sat,,MIDIW PM BAND 2 Weekly,44T MIDIW,5401,124,123
1015,1,1,MIDIW,18:00 Fri,18:45 Fri,NORHDC,Northampton HDC,NN4 7JE,00:01 Fri,23:59 Fri,18:50 Fri,19:35 Fri,0,45,C,HDC WAKEFIELD COUNDON,0,0,0,0,1,1,Store volume,SALT SINGLE,,,,02:18 Sat,9,18,5,13,418,0,0,0,93,0,0,1,1,1,1,18:00 Fri,02:18 Sat,03:18 Sat,MIDIW,MIDIW,18:00 Fri,18:45 Fri,MIDIW,18:45 Fri,SD Trailer,03:18 Sat,,MIDIW PM BAND 4 Weekly,44T MIDIW,5402,209,1
1015,1,2,MIDIW,18:00 Fri,18:45 Fri,WAKCOUHDC,WAKEFIELD - COUNDON,WF10 5QX,00:01 Fri,23:59 Fri,22:09 Fri,22:54 Fri,0,45,D,HDC WAKEFIELD COUNDON,0,0,0,0,26,1,Store volume,SALT SINGLE,,,,02:18 Sat,9,18,5,13,418,0,0,0,93,0,0,1,2,2,2,18:00 Fri,02:18 Sat,03:18 Sat,MIDIW,MIDIW,18:00 Fri,18:45 Fri,MIDIW,18:45 Fri,SD Trailer,03:18 Sat,,MIDIW PM BAND 4 Weekly,44T MIDIW,5403,208,209
1016,1,1,MIDIW,11:30 Fri,12:15 Fri,NORHDC,Northampton HDC,NN4 7JE,00:01 Fri,23:59 Fri,12:20 Fri,13:05 Fri,0,45,C,HDC WAKEFIELD 1,0,0,0,0,1,1,Store volume,SALT SINGLE,,,,19:48 Fri,9,18,5,13,418,0,0,0,68.89,0,0,1,1,1,1,11:30 Fri,19:48 Fri,20:48 Fri,MIDIW,MIDIW,11:30 Fri,12:15 Fri,MIDIW,12:15 Fri,SD Trailer,20:48 Fri,,MIDIW AM BAND 4 Weekly,44T MIDIW,5404,209,1
1016,1,2,MIDIW,11:30 Fri,12:15 Fri,WAKHDC1,WAKEFIELD 1,WF10 5QX,00:01 Fri,23:59 Fri,15:39 Fri,16:24 Fri,0,45,D,HDC WAKEFIELD 1,0,0,0,0,26,1,Store volume,SALT SINGLE,,,,19:48 Fri,9,18,5,13,418,0,0,0,68.89,0,0,1,2,2,2,11:30 Fri,19:48 Fri,20:48 Fri,MIDIW,MIDIW,11:30 Fri,12:15 Fri,MIDIW,12:15 Fri,SD Trailer,20:48 Fri,,MIDIW AM BAND 4 Weekly,44T MIDIW,5405,208,209
1017,1,1,WAKEIW,12:00 Fri,12:45 Fri,10001,Astracast Bradford,BD4 6SE,00:01 Fri,23:59 Fri,13:12 Fri,13:33 Fri,0,21,C,HDC ASTRACAST/WAKEFIELD 2,0,0,0,0,1,1,Store volume,WAKE SINGLE,,,,20:30 Fri,9,30,5,49,464,29,0,27,79.17,0,0,1,1,1,1,12:00 Fri,20:30 Fri,21:30 Fri,WAKEIW,WAKEIW,12:00 Fri,12:45 Fri,WAKEIW,12:45 Fri,SD Trailer,21:30 Fri,,WAKEIW PM BAND 1 Weekly,44T WAKEIW,5406,226,29
1017,1,2,WAKEIW,12:00 Fri,12:45 Fri,NORHDC,Northampton HDC,NN4 7JE,00:01 Fri,23:59 Fri,16:20 Fri,17:05 Fri,0,45,C,HDC ASTRACAST/WAKEFIELD 2,0,0,0,0,1,1,Store volume,WAKE SINGLE,,,,20:30 Fri,9,30,5,49,464,29,0,27,79.17,0,0,1,2,2,2,12:00 Fri,20:30 Fri,21:30 Fri,WAKEIW,WAKEIW,12:00 Fri,12:45 Fri,WAKEIW,12:45 Fri,SD Trailer,21:30 Fri,,WAKEIW PM BAND 1 Weekly,44T WAKEIW,5407,209,226
1018,1,1,MIDIW,15:01 Fri,15:46 Fri,NORHDC,Northampton HDC,NN4 7JE,00:01 Fri,23:59 Fri,15:51 Fri,16:36 Fri,0,45,C,HDC WARRINGTON,0,0,0,0,1,1,Store volume,SALT SINGLE,,,,23:35 Fri,9,34,5,29,445,0,0,0,95.67,0,0,1,1,1,1,15:01 Fri,23:35 Fri,00:35 Sat,MIDIW,MIDIW,15:01 Fri,15:46 Fri,MIDIW,15:46 Fri,SD Trailer,00:35 Sat,,MIDIW PM BAND 2 Weekly,44T MIDIW,5408,222,1
1018,1,2,MIDIW,15:01 Fri,15:46 Fri,WARHDC1,WARRINGTON 1,WA5 4AH,00:01 Fri,23:59 Fri,19:17 Fri,20:02 Fri,0,45,D,HDC WARRINGTON,0,0,0,0,26,1,Store volume,SALT SINGLE,,,,23:35 Fri,9,34,5,29,445,0,0,0,95.67,0,0,1,2,2,2,15:01 Fri,23:35 Fri,00:35 Sat,MIDIW,MIDIW,15:01 Fri,15:46 Fri,MIDIW,15:46 Fri,SD Trailer,00:35 Sat,,MIDIW PM BAND 2 Weekly,44T MIDIW,5409,222,222
1019,1,1,CARHDC,18:29 Fri,18:59 Fri,MEMCLCAR,Membury Services Rig Swap,RG17 7TY,00:01 Fri,23:59 Fri,20:56 Fri,20:56 Fri,0,0,D,MEMBURY CL CAR,0,0,0,0,26,1,Store volume,CARHDC SINGLE,,,,22:53 Fri,4,54,3,54,290,145,1,57,49,0,0,1,1,1,1,18:29 Fri,22:53 Fri,23:23 Fri,CARHDC,CARHDC,18:29 Fri,18:59 Fri,CARHDC,18:59 Fri,SD Trailer,23:23 Fri,,CARHDC PM Weekly,44T CARHDC,5410,145,145
1020,1,1,MIDIW,17:00 Fri,17:45 Fri,NORHDC,Northampton HDC,NN4 7JE,00:01 Fri,23:59 Fri,17:50 Fri,18:35 Fri,0,45,C,MEMBURY CL SAL,0,0,0,0,1,1,Store volume,SALT SINGLE,,,,22:07 Fri,6,57,3,37,255,0,0,0,69.5,0,0,1,1,1,1,17:00 Fri,22:07 Fri,23:57 Fri,MIDIW,MIDIW,17:00 Fri,17:45 Fri,MIDIW,17:45 Fri,SD Trailer,23:57 Fri,,MIDIW PM BAND 3 Weekly,44T MIDIW,5411,127,1
1020,1,2,MIDIW,17:00 Fri,17:45 Fri,MEMCLSAL,Membury Services rig swap,RG17 7TY,00:01 Fri,23:59 Fri,20:22 Fri,20:22 Fri,0,0,D,MEMBURY CL SAL,0,0,0,0,26,1,Store volume,SALT SINGLE,,,,22:07 Fri,6,57,3,37,255,0,0,0,69.5,0,0,1,2,2,2,17:00 Fri,22:07 Fri,23:57 Fri,MIDIW,MIDIW,17:00 Fri,17:45 Fri,MIDIW,17:45 Fri,SD Trailer,23:57 Fri,,MIDIW PM BAND 3 Weekly,44T MIDIW,5412,127,127
1021,1,1,MIDIW,14:00 Fri,14:45 Fri,NORHDC,Northampton HDC,NN4 7JE,00:01 Fri,23:59 Fri,14:50 Fri,15:05 Fri,0,15,C,NETHER HDC,0,0,0,0,1,1,Store volume,SALT SINGLE,,,,16:15 Fri,9,50,5,0,376,0,0,0,98.33,0,0,2,1,1,1,14:00 Fri,16:15 Fri,16:45 Fri,MIDIW,MIDIW,14:00 Fri,14:45 Fri,MIDIW,14:45 Fri,SD Trailer,23:50 Fri,,MIDIW PM BAND 2 Weekly,44T MIDIW,5413,19,1
1021,1,2,MIDIW,14:00 Fri,14:45 Fri,NETHDC,NETHERHDC,NN7 3LB,00:01 Fri,23:59 Fri,15:25 Fri,15:55 Fri,0,30,D,NETHER HDC,0,0,0,0,26,1,Store volume,SALT SINGLE,,,,16:15 Fri,9,50,5,0,376,0,0,0,98.33,0,0,2,2,2,2,14:00 Fri,16:15 Fri,16:45 Fri,MIDIW,MIDIW,14:00 Fri,14:45 Fri,MIDIW,14:45 Fri,SD Trailer,23:50 Fri,,MIDIW PM BAND 2 Weekly,44T MIDIW,5414,19,19
1021,2,1,MIDIW,14:00 Fri,17:00 Fri,NORHDC,Northampton HDC,NN4 7JE,00:01 Fri,23:59 Fri,17:05 Fri,17:20 Fri,0,15,C,HDC CRAWLEY 4,0,0,0,0,1,1,Store volume,SALT SINGLE,,,,22:50 Fri,9,50,5,0,376,0,0,0,98.33,0,0,2,3,3,1,16:45 Fri,22:50 Fri,23:50 Fri,MIDIW,MIDIW,16:45 Fri,17:00 Fri,MIDIW,17:00 Fri,SD Trailer,23:50 Fri,,MIDIW PM BAND 2 Weekly,44T MIDIW,5388,164,1
1021,2,2,MIDIW,14:00 Fri,17:00 Fri,CRAHDC4,CRAWLEY 4,RH11 0PQ,00:01 Fri,23:59 Fri,19:26 Fri,20:46 Fri,1,20,D,HDC CRAWLEY 4,0,0,0,0,26,1,Store volume,SALT SINGLE,,,,22:50 Fri,9,50,5,0,376,0,0,0,98.33,0,0,2,4,4,2,16:45 Fri,22:50 Fri,23:50 Fri,MIDIW,MIDIW,16:45 Fri,17:00 Fri,MIDIW,17:00 Fri,SD Trailer,23:50 Fri,,MIDIW PM BAND 2 Weekly,44T MIDIW,5389,171,164
1027,1,1,MIDIW,04:05 Fri,04:50 Fri,NORHDC,Northampton HDC,NN4 7JE,00:01 Fri,23:59 Fri,04:55 Fri,05:40 Fri,0,45,C,PERTH/BOSTICK,0,0,0,0,1,1,Store volume,SALT SINGLE,,,,01:33 Sat,22,28,15,28,1292,0,0,0,166.42,0,0,1,1,1,1,04:05 Fri,01:33 Sat,02:33 Sat,MIDIW,MIDIW,04:05 Fri,04:50 Fri,MIDIW,04:50 Fri,SD Trailer,02:33 Sat,,MIDIW AM BAND 1 Weekly,44T MIDIW,5425,645,1
1027,1,2,MIDIW,04:05 Fri,04:50 Fri,PERHDC1,PERTH 1,PH2 7ST,00:01 Fri,23:59 Fri,14:12 Fri,17:02 Fri,2,50,D,PERTH/BOSTICK,0,0,0,0,26,1,Store volume,SALT SINGLE,,,,01:33 Sat,22,28,15,28,1292,0,0,0,166.42,0,0,1,2,2,2,04:05 Fri,01:33 Sat,02:33 Sat,MIDIW,MIDIW,04:05 Fri,04:50 Fri,MIDIW,04:50 Fri,SD Trailer,02:33 Sat,,MIDIW AM BAND 1 Weekly,44T MIDIW,5426,645,645
1028,1,1,MIDIW,14:00 Fri,14:45 Fri,NORHDC,Northampton HDC,NN4 7JE,00:01 Fri,23:59 Fri,14:50 Fri,15:05 Fri,0,15,C,HDC BURNTWOOD / WARRINGTON,0,0,0,0,1,1,Store volume,SALT SINGLE,,,,22:59 Fri,9,59,5,39,452,0,0,0,99.83,0,0,1,1,1,1,14:00 Fri,22:59 Fri,23:59 Fri,MIDIW,MIDIW,14:00 Fri,14:45 Fri,MIDIW,14:45 Fri,SD Trailer,23:59 Fri,,MIDIW PM BAND 2 Weekly,44T MIDIW,5427,222,1
1028,1,2,MIDIW,14:00 Fri,14:45 Fri,WARHDC2,WARRINGTON 2,WA5 4AH,00:01 Fri,23:59 Fri,17:46 Fri,18:31 Fri,0,45,D,HDC BURNTWOOD / WARRINGTON,0,0,0,0,13,1,Store volume,SALT SINGLE,,,,22:59 Fri,9,59,5,39,452,0,0,0,99.83,0,0,1,2,2,2,14:00 Fri,22:59 Fri,23:59 Fri,MIDIW,MIDIW,14:00 Fri,14:45 Fri,MIDIW,14:45 Fri,SD Trailer,23:59 Fri,,MIDIW PM BAND 2 Weekly,44T MIDIW,5428,121,222
1028,1,3,MIDIW,14:00 Fri,14:45 Fri,BURHDC4,BURNTWOOD 4,WS7 3JG,00:01 Fri,23:59 Fri,20:52 Fri,21:37 Fri,0,45,D,HDC BURNTWOOD / WARRINGTON,0,0,0,0,13,1,Store volume,SALT SINGLE,,,,22:59 Fri,9,59,5,39,452,0,0,0,99.83,0,0,1,3,3,3,14:00 Fri,22:59 Fri,23:59 Fri,MIDIW,MIDIW,14:00 Fri,14:45 Fri,MIDIW,14:45 Fri,SD Trailer,23:59 Fri,,MIDIW PM BAND 2 Weekly,44T MIDIW,5429,108,121
3000,1,1,MIDIW,15:01 Fri,15:46 Fri,WAKEIWTRUNK,WAKEIWTRUNK,WF10 5QS,00:01 Fri,23:59 Fri,18:22 Fri,19:07 Fri,0,45,D,WAKEFIELD TRUNKS,0,0,0,0,40,1,Store volume,SALT DOUBLE,,,,22:34 Fri,8,33,5,13,418,209,2,37,85.5,0,0,1,1,1,1,15:01 Fri,22:34 Fri,23:34 Fri,MIDIW,MIDIW,15:01 Fri,15:46 Fri,MIDIW,15:46 Fri,DD Trailer,23:34 Fri,,MIDIW PM BAND 2 Weekly,44T MIDIW,5344,209,209
3001,1,1,MIDIW,16:00 Fri,16:45 Fri,WAKEIWTRUNK,WAKEIWTRUNK,WF10 5QS,00:01 Fri,23:59 Fri,19:21 Fri,20:06 Fri,0,45,D,WAKEFIELD TRUNKS,0,0,0,0,40,1,Store volume,SALT DOUBLE,,,,23:33 Fri,8,33,5,13,418,209,2,37,85.5,0,0,1,1,1,1,16:00 Fri,23:33 Fri,00:33 Sat,MIDIW,MIDIW,16:00 Fri,16:45 Fri,MIDIW,16:45 Fri,DD Trailer,00:33 Sat,,MIDIW PM BAND 3 Weekly,44T MIDIW,5345,209,209
3002,1,1,MIDIW,16:00 Fri,16:45 Fri,CAROB,CAROB,CF10 4ED,00:01 Fri,23:59 Fri,19:56 Fri,19:56 Fri,0,0,D,CARDIFF TRUNK,0,0,0,0,40,1,Store volume,SALT DOUBLE,,,,23:56 Fri,8,56,6,21,466,235,3,10,89.33,0,0,1,1,1,1,16:00 Fri,23:56 Fri,00:56 Sat,MIDIW,MIDIW,16:00 Fri,16:45 Fri,MIDIW,16:45 Fri,DD Trailer,00:56 Sat,,MIDIW PM BAND 3 Weekly,44T MIDIW,5346,235,232
3003,1,1,DEVOB,18:00 Fri,18:30 Fri,MIDIWTRUNK,MIDIWTRUNK,NN4 7JE,00:01 Fri,23:59 Fri,20:38 Fri,21:23 Fri,0,45,C,DEVIZES TRUNK,0,0,0,0,1,1,Store volume,DEVOB DOUBLE,,,,00:22 Sat,6,52,4,17,292,143,2,8,68.67,0,0,1,1,1,1,18:00 Fri,00:22 Sat,00:52 Sat,DEVOB,DEVOB,18:00 Fri,18:30 Fri,DEVOB,18:30 Fri,DD Trailer,00:52 Sat,,DEVOB PM Weekly,44T DEVOB,5347,149,143
3004,1,1,MIDIW,16:00 Fri,16:45 Fri,NORTP,GOWERTON,NN4 7BN,00:01 Fri,23:59 Fri,16:56 Fri,17:11 Fri,0,15,D,TRURO LOAD ONTO MT TP TRAILER,0,0,0,0,1,1,Store volume,SALT DOUBLE,,,,17:21 Fri,9,54,5,34,428,213,2,47,99,0,0,2,1,1,1,16:00 Fri,17:21 Fri,17:51 Fri,MIDIW,MIDIW,16:00 Fri,16:45 Fri,MIDIW,16:45 Fri,DD Trailer,01:54 Sat,,MIDIW PM BAND 3 Weekly,44T MIDIW,5348,4,5
3004,2,1,MIDIW,16:00 Fri,18:06 Fri,WAKEIWTRUNK,WAKEIWTRUNK,WF10 5QS,00:01 Fri,23:59 Fri,20:42 Fri,21:27 Fri,0,45,D,WAKEFIELD TRUNKS,0,0,0,0,40,1,Store volume,SALT DOUBLE,,,,00:54 Sat,9,54,5,34,428,213,2,47,99,0,0,2,2,2,1,17:51 Fri,00:54 Sat,01:54 Sat,MIDIW,MIDIW,17:51 Fri,18:06 Fri,MIDIW,18:06 Fri,DD Trailer,01:54 Sat,,MIDIW PM BAND 3 Weekly,44T MIDIW,5350,209,209
3005,1,1,MIDIW,16:00 Fri,16:45 Fri,NORTP,GOWERTON,NN4 7BN,00:01 Fri,23:59 Fri,16:56 Fri,17:11 Fri,0,15,D,PLYMOUTH LOAD ONTO MT TP TRAILER,0,0,0,0,1,1,Store volume,SALT DOUBLE,,,,17:21 Fri,9,54,5,34,428,213,2,47,99,0,0,2,1,1,1,16:00 Fri,17:21 Fri,17:51 Fri,MIDIW,MIDIW,16:00 Fri,16:45 Fri,MIDIW,16:45 Fri,DD Trailer,01:54 Sat,,MIDIW PM BAND 3 Weekly,44T MIDIW,5349,4,5
3005,2,1,MIDIW,16:00 Fri,18:06 Fri,WAKEIWTRUNK,WAKEIWTRUNK,WF10 5QS,00:01 Fri,23:59 Fri,20:42 Fri,21:27 Fri,0,45,D,WAKEFIELD TRUNKS,0,0,0,0,40,1,Store volume,SALT DOUBLE,,,,00:54 Sat,9,54,5,34,428,213,2,47,99,0,0,2,2,2,1,17:51 Fri,00:54 Sat,01:54 Sat,MIDIW,MIDIW,17:51 Fri,18:06 Fri,MIDIW,18:06 Fri,DD Trailer,01:54 Sat,,MIDIW PM BAND 3 Weekly,44T MIDIW,5351,209,209
3006,1,1,MIDIW,18:00 Fri,18:45 Fri,WAKEIWTRUNK,WAKEIWTRUNK,WF10 5QS,00:01 Fri,23:59 Fri,21:21 Fri,22:06 Fri,0,45,D,WAKEFIELD TRUNKS,0,0,0,0,40,1,Store volume,SALT DOUBLE,,,,01:33 Sat,8,33,5,13,418,209,2,37,85.5,0,0,1,1,1,1,18:00 Fri,01:33 Sat,02:33 Sat,MIDIW,MIDIW,18:00 Fri,18:45 Fri,MIDIW,18:45 Fri,DD Trailer,02:33 Sat,,MIDIW PM BAND 4 Weekly,44T MIDIW,5448,209,209
4000,1,1,WAKEIW,05:00 Fri,05:45 Fri,MIDIWTRUNK,MIDIWTRUNK,NN4 7JE,00:01 Fri,23:59 Fri,08:20 Fri,09:05 Fri,0,45,D,MIDLANDS TRUNK 3,0,0,0,0,40,1,Store volume,WAKE DOUBLE,,,,12:30 Fri,8,30,5,10,418,209,2,35,62.96,0,0,1,1,1,1,05:00 Fri,12:30 Fri,13:30 Fri,WAKEIW,WAKEIW,05:00 Fri,05:45 Fri,WAKEIW,05:45 Fri,DD Trailer,13:30 Fri,,WAKEIW AM BAND 1 Weekly,44T WAKEIW,5355,209,209
4001,1,1,WAKEIW,08:30 Fri,09:15 Fri,MIDIWTRUNK,MIDIWTRUNK,NN4 7JE,00:01 Fri,23:59 Fri,11:50 Fri,12:35 Fri,0,45,D,MIDLANDS TRUNK 4,0,0,0,0,40,1,Store volume,WAKE DOUBLE,,,,16:00 Fri,8,30,5,10,418,209,2,35,62.96,0,0,1,1,1,1,08:30 Fri,16:00 Fri,17:00 Fri,WAKEIW,WAKEIW,08:30 Fri,09:15 Fri,WAKEIW,09:15 Fri,DD Trailer,17:00 Fri,,WAKEIW AM BAND 3 Weekly,44T WAKEIW,5356,209,209
4002,1,1,WAKEIW,13:00 Fri,13:45 Fri,MIDIWTRUNK,MIDIWTRUNK,NN4 7JE,00:01 Fri,23:59 Fri,16:20 Fri,17:05 Fri,0,45,D,MIDLANDS TRUNK 5,0,0,0,0,40,1,Store volume,WAKE DOUBLE,,,,20:30 Fri,8,30,5,10,418,209,2,35,70.83,0,0,1,1,1,1,13:00 Fri,20:30 Fri,21:30 Fri,WAKEIW,WAKEIW,13:00 Fri,13:45 Fri,WAKEIW,13:45 Fri,DD Trailer,21:30 Fri,,WAKEIW PM BAND 1 Weekly,44T WAKEIW,5357,209,209
4003,1,1,WAKEIW,16:00 Fri,16:45 Fri,5610,TILE GIANT,WS13 8NQ,00:01 Fri,23:59 Fri,18:36 Fri,19:06 Fri,0,30,C,MIDLANDS TRUNK 6,0,0,0,0,26,1,Store volume,WAKE DOUBLE,,,,00:52 Sat,9,52,6,2,465,0,0,0,98.67,0,0,1,1,1,1,16:00 Fri,00:52 Sat,01:52 Sat,WAKEIW,WAKEIW,16:00 Fri,16:45 Fri,WAKEIW,16:45 Fri,DD Trailer,01:52 Sat,,WAKEIW PM BAND 3 Weekly,44T WAKEIW,5358,109,143
4003,1,2,WAKEIW,16:00 Fri,16:45 Fri,NORTP,GOWERTON,NN4 7BN,00:01 Fri,23:59 Fri,20:33 Fri,20:48 Fri,0,15,D,MIDLANDS TRUNK 6,0,0,0,0,1,1,Store volume,WAKE DOUBLE,,,,00:52 Sat,9,52,6,2,465,0,0,0,98.67,0,0,1,2,2,2,16:00 Fri,00:52 Sat,01:52 Sat,WAKEIW,WAKEIW,16:00 Fri,16:45 Fri,WAKEIW,16:45 Fri,DD Trailer,01:52 Sat,,WAKEIW PM BAND 3 Weekly,44T WAKEIW,5359,4,109
4003,1,3,WAKEIW,16:00 Fri,16:45 Fri,MIDIWTRUNK,MIDIWTRUNK,NN4 7JE,00:01 Fri,23:59 Fri,20:57 Fri,21:27 Fri,0,30,C,MIDLANDS TRUNK 6,0,0,0,0,26,1,Store volume,WAKE DOUBLE,,,,00:52 Sat,9,52,6,2,465,0,0,0,98.67,0,0,1,3,3,3,16:00 Fri,00:52 Sat,01:52 Sat,WAKEIW,WAKEIW,16:00 Fri,16:45 Fri,WAKEIW,16:45 Fri,DD Trailer,01:52 Sat,,WAKEIW PM BAND 3 Weekly,44T WAKEIW,5360,209,4
4004,1,1,WAKEIW,22:00 Fri,22:45 Fri,MIDIWTRUNK,MIDIWTRUNK,NN4 7JE,00:01 Sat,23:59 Sat,01:20 Sat,02:05 Sat,0,45,D,MIDLANDS PRIORITY 1,0,0,0,0,40,1,Store volume,WAKE DOUBLE,,,,05:30 Sat,8,30,5,10,418,209,2,35,85,0,0,1,1,1,1,22:00 Fri,05:30 Sat,06:30 Sat,WAKEIW,WAKEIW,22:00 Fri,22:45 Fri,WAKEIW,22:45 Fri,DD Trailer,06:30 Sat,,WAKEIW NIGHT BAND 1 Weekly,44T WAKEIW,5361,209,209
4005,1,1,WAKEIW,23:00 Fri,23:45 Fri,MIDIWTRUNK,MIDIWTRUNK,NN4 7JE,00:01 Sat,23:59 Sat,02:20 Sat,03:05 Sat,0,45,D,MIDLANDS PRIORITY 2,0,0,0,0,40,1,Store volume,WAKE DOUBLE,,,,06:30 Sat,8,30,5,10,418,209,2,35,85,0,0,1,1,1,1,23:00 Fri,06:30 Sat,07:30 Sat,WAKEIW,WAKEIW,23:00 Fri,23:45 Fri,WAKEIW,23:45 Fri,DD Trailer,07:30 Sat,,WAKEIW NIGHT BAND 1 Weekly,44T WAKEIW,5362,209,209
4006,1,1,WAKEIW,20:00 Fri,20:45 Fri,76,E-Commerce Web Store,HP2 7EX,00:01 Sat,23:59 Sat,00:04 Sat,00:49 Sat,0,45,D,E STORE,0,0,0,0,40,1,Store volume,WAKE DOUBLE,,,,04:58 Sat,9,58,6,38,537,269,3,19,99.67,0,0,1,1,1,1,20:00 Fri,04:58 Sat,05:58 Sat,WAKEIW,WAKEIW,20:00 Fri,20:45 Fri,WAKEIW,20:45 Fri,DD Trailer,05:58 Sat,,WAKEIW PM BAND 5 Weekly,44T WAKEIW,5363,269,269
4007,1,1,WAKEIW,17:00 Fri,17:45 Fri,MIDIWTRUNK,MIDIWTRUNK,NN4 7JE,00:01 Fri,23:59 Fri,20:20 Fri,21:05 Fri,0,45,D,MIDLANDS TRUNK 5,0,0,0,0,40,1,Store volume,WAKE DOUBLE,,,,00:30 Sat,8,30,5,10,418,209,2,35,85,0,0,1,1,1,1,17:00 Fri,00:30 Sat,01:30 Sat,WAKEIW,WAKEIW,17:00 Fri,17:45 Fri,WAKEIW,17:45 Fri,DD Trailer,01:30 Sat,,WAKEIW PM BAND 3 Weekly,44T WAKEIW,5449,209,209
5000,1,1,MIDIW,06:00 Fri,06:00 Fri,SHUNTSAL,SHUNTSAL,NN4 7EX,00:01 Fri,23:59 Fri,06:05 Fri,13:55 Fri,7,50,D,SHUNTER,0,0,0,0,1,1,Store volume,,,,,14:00 Fri,8,0,0,10,2,1,0,5,100,0,0,1,1,1,1,06:00 Fri,14:00 Fri,14:00 Fri,MIDIW,MIDIW,06:00 Fri,06:00 Fri,MIDIW,06:00 Fri,,14:00 Fri,,SHUNTERAM Weekly,,5364,1,1
5001,1,1,MIDIW,06:00 Fri,06:00 Fri,SHUNTSAL,SHUNTSAL,NN4 7EX,00:01 Fri,23:59 Fri,06:05 Fri,13:55 Fri,7,50,D,SHUNTER,0,0,0,0,1,1,Store volume,,,,,14:00 Fri,8,0,0,10,2,1,0,5,100,0,0,1,1,1,1,06:00 Fri,14:00 Fri,14:00 Fri,MIDIW,MIDIW,06:00 Fri,06:00 Fri,MIDIW,06:00 Fri,,14:00 Fri,,SHUNTERAM Weekly,,5365,1,1
5002,1,1,MIDIW,14:00 Fri,14:00 Fri,SHUNTSAL,SHUNTSAL,NN4 7EX,00:01 Fri,23:59 Fri,14:05 Fri,21:55 Fri,7,50,D,SHUNTER,0,0,0,0,1,1,Store volume,,,,,22:00 Fri,8,0,0,10,2,1,0,5,100,0,0,1,1,1,1,14:00 Fri,22:00 Fri,22:00 Fri,MIDIW,MIDIW,14:00 Fri,14:00 Fri,MIDIW,14:00 Fri,,22:00 Fri,,SHUNTERPM Weekly,,5366,1,1
5003,1,1,MIDIW,14:00 Fri,14:00 Fri,SHUNTSAL,SHUNTSAL,NN4 7EX,00:01 Fri,23:59 Fri,14:05 Fri,21:55 Fri,7,50,D,SHUNTER,0,0,0,0,1,1,Store volume,,,,,22:00 Fri,8,0,0,10,2,1,0,5,100,0,0,1,1,1,1,14:00 Fri,22:00 Fri,22:00 Fri,MIDIW,MIDIW,14:00 Fri,14:00 Fri,MIDIW,14:00 Fri,,22:00 Fri,,SHUNTERPM Weekly,,5367,1,1
5004,1,1,MIDIW,22:00 Fri,22:00 Fri,SHUNTSAL,SHUNTSAL,NN4 7EX,00:01 Fri,23:59 Fri,22:05 Fri,05:55 Sat,7,50,D,SHUNTER,0,0,0,0,1,1,Store volume,,,,,06:00 Sat,8,0,0,10,2,1,0,5,100,0,0,1,1,1,1,22:00 Fri,06:00 Sat,06:00 Sat,MIDIW,MIDIW,22:00 Fri,22:00 Fri,MIDIW,22:00 Fri,,06:00 Sat,,SHUNTERNIGHT Weekly,,5368,1,1
5005,1,1,MIDIW,22:00 Fri,22:00 Fri,SHUNTSAL,SHUNTSAL,NN4 7EX,00:01 Fri,23:59 Fri,22:05 Fri,05:55 Sat,7,50,D,SHUNTER,0,0,0,0,1,1,Store volume,,,,,06:00 Sat,8,0,0,10,2,1,0,5,100,0,0,1,1,1,1,22:00 Fri,06:00 Sat,06:00 Sat,MIDIW,MIDIW,22:00 Fri,22:00 Fri,MIDIW,22:00 Fri,,06:00 Sat,,SHUNTERNIGHT Weekly,,5369,1,1
6002,1,1,LOCKERBIE,15:00 Fri,15:00 Fri,WAKEIWTRUNK,WAKEIWTRUNK,WF10 5QS,00:01 Fri,23:59 Fri,18:12 Fri,18:57 Fri,0,45,C,LOCKERBIE TRUNK,0,0,0,0,26,1,Store volume,LOCKERBIE,,,,23:01 Fri,8,1,6,26,508,254,3,12,66.81,0,0,1,1,1,1,15:00 Fri,23:01 Fri,23:01 Fri,LOCKERBIE,LOCKERBIE,15:00 Fri,15:00 Fri,LOCKERBIE,15:00 Fri,LOCKERBIE,23:01 Fri,,LOCKERBIE PM,LOCKERBIE,5370,254,254
7000,1,1,MIDIW,12:00 Fri,12:45 Fri,HEMIWTRUNK,HEMEL,HP2 7EU,00:01 Fri,23:59 Fri,13:40 Fri,14:25 Fri,0,45,D,,0,40,0,0,40,2,Trunk volume,SALT DOUBLE,,,,15:20 Fri,4,20,1,50,142,71,0,55,36.11,0,0,1,1,1,1,12:00 Fri,15:20 Fri,16:20 Fri,MIDIW,MIDIW,12:00 Fri,12:45 Fri,MIDIW,12:45 Fri,DD Trailer,16:20 Fri,,MIDIW PM BAND 1 Weekly,SUBBY,5560,71,71
7001,1,1,MIDIW,12:00 Fri,12:45 Fri,HEMIWTRUNK,HEMEL,HP2 7EU,00:01 Fri,23:59 Fri,13:40 Fri,14:25 Fri,0,45,D,,0,40,0,0,40,2,Trunk volume,SALT DOUBLE,,,,15:20 Fri,4,20,1,50,142,71,0,55,36.11,0,0,1,1,1,1,12:00 Fri,15:20 Fri,16:20 Fri,MIDIW,MIDIW,12:00 Fri,12:45 Fri,MIDIW,12:45 Fri,DD Trailer,16:20 Fri,,MIDIW PM BAND 1 Weekly,SUBBY,5562,71,71
7002,1,1,MIDIW,13:00 Fri,13:45 Fri,HEMIWTRUNK,HEMEL,HP2 7EU,00:01 Fri,23:59 Fri,14:40 Fri,15:25 Fri,0,45,D,,0,40,0,0,40,2,Trunk volume,SALT DOUBLE,,,,16:20 Fri,4,20,1,50,142,71,0,55,36.11,0,0,1,1,1,1,13:00 Fri,16:20 Fri,17:20 Fri,MIDIW,MIDIW,13:00 Fri,13:45 Fri,MIDIW,13:45 Fri,DD Trailer,17:20 Fri,,MIDIW PM BAND 1 Weekly,SUBBY,5561,71,71
